-- MySQL dump 10.13  Distrib 8.0.33, for Win64 (x86_64)
--
-- Host: localhost    Database: module_6_sprint_2
-- ------------------------------------------------------
-- Server version	8.0.33

/*!40101 SET @OLD_CHARACTER_SET_CLIENT=@@CHARACTER_SET_CLIENT */;
/*!40101 SET @OLD_CHARACTER_SET_RESULTS=@@CHARACTER_SET_RESULTS */;
/*!40101 SET @OLD_COLLATION_CONNECTION=@@COLLATION_CONNECTION */;
/*!50503 SET NAMES utf8 */;
/*!40103 SET @OLD_TIME_ZONE=@@TIME_ZONE */;
/*!40103 SET TIME_ZONE='+00:00' */;
/*!40014 SET @OLD_UNIQUE_CHECKS=@@UNIQUE_CHECKS, UNIQUE_CHECKS=0 */;
/*!40014 SET @OLD_FOREIGN_KEY_CHECKS=@@FOREIGN_KEY_CHECKS, FOREIGN_KEY_CHECKS=0 */;
/*!40101 SET @OLD_SQL_MODE=@@SQL_MODE, SQL_MODE='NO_AUTO_VALUE_ON_ZERO' */;
/*!40111 SET @OLD_SQL_NOTES=@@SQL_NOTES, SQL_NOTES=0 */;

--
-- Table structure for table `account`
--

DROP TABLE IF EXISTS `account`;
/*!40101 SET @saved_cs_client     = @@character_set_client */;
/*!50503 SET character_set_client = utf8mb4 */;
CREATE TABLE `account` (
  `id_account` int NOT NULL AUTO_INCREMENT,
  `flag_delete` bit(1) NOT NULL,
  `password` varchar(255) DEFAULT NULL,
  `username` varchar(255) DEFAULT NULL,
  `id_role` int DEFAULT NULL,
  PRIMARY KEY (`id_account`),
  KEY `FKn2ojv1jm3miwie24w3mop7j1p` (`id_role`)
) ENGINE=MyISAM AUTO_INCREMENT=4 DEFAULT CHARSET=utf8mb4 COLLATE=utf8mb4_0900_ai_ci;
/*!40101 SET character_set_client = @saved_cs_client */;

--
-- Dumping data for table `account`
--

LOCK TABLES `account` WRITE;
/*!40000 ALTER TABLE `account` DISABLE KEYS */;
INSERT INTO `account` VALUES (1,_binary '\0','$2a$10$Go85Vf4uJPYZJYllk4oqg.ANnKf6gXErjmMNBgyvbQujnnFFnyque','hunglv',1),(2,_binary '\0','$2a$10$ogbc.RkuvUanY/O.zRoOtOijL1.9KkkYjpEbsNfeHkIFsXCBEJVH2','yentb',1),(3,_binary '\0','$2a$10$3m3OGsi6vBehmhLWZwwP0u/EeVFcQbsbD1xWiEU3eY..SbIlxSMmy','hunglv1',1);
/*!40000 ALTER TABLE `account` ENABLE KEYS */;
UNLOCK TABLES;

--
-- Table structure for table `customer`
--

DROP TABLE IF EXISTS `customer`;
/*!40101 SET @saved_cs_client     = @@character_set_client */;
/*!50503 SET character_set_client = utf8mb4 */;
CREATE TABLE `customer` (
  `id_customer` int NOT NULL AUTO_INCREMENT,
  `email_customer` varchar(255) DEFAULT NULL,
  `flag_delete` bit(1) NOT NULL,
  `identity_card_customer` varchar(255) DEFAULT NULL,
  `name_customer` varchar(255) DEFAULT NULL,
  `tel_customer` varchar(255) DEFAULT NULL,
  `id_account` int DEFAULT NULL,
  PRIMARY KEY (`id_customer`),
  KEY `FK7bke8s9m4r9tbobh5tqbxvt6j` (`id_account`)
) ENGINE=MyISAM AUTO_INCREMENT=4 DEFAULT CHARSET=utf8mb4 COLLATE=utf8mb4_0900_ai_ci;
/*!40101 SET character_set_client = @saved_cs_client */;

--
-- Dumping data for table `customer`
--

LOCK TABLES `customer` WRITE;
/*!40000 ALTER TABLE `customer` DISABLE KEYS */;
INSERT INTO `customer` VALUES (1,'hungle123@123.com',_binary '\0','123123123123','Le Van Hung','0905222545',1),(2,'yentb@gmail.com',_binary '\0','201803579684','Bảo Yến Trương','0777473664',2),(3,'hunglv1@123.com',_binary '\0','123123123123','Lê Văn Hưng','0905222545',3);
/*!40000 ALTER TABLE `customer` ENABLE KEYS */;
UNLOCK TABLES;

--
-- Table structure for table `employee`
--

DROP TABLE IF EXISTS `employee`;
/*!40101 SET @saved_cs_client     = @@character_set_client */;
/*!50503 SET character_set_client = utf8mb4 */;
CREATE TABLE `employee` (
  `id_employee` int NOT NULL AUTO_INCREMENT,
  `email_employee` varchar(255) DEFAULT NULL,
  `flag_delete` bit(1) NOT NULL,
  `identity_card_employee` varchar(255) DEFAULT NULL,
  `name_employee` varchar(255) DEFAULT NULL,
  `tel_employee` varchar(255) DEFAULT NULL,
  `id_account` int DEFAULT NULL,
  PRIMARY KEY (`id_employee`),
  KEY `FKhhedu9y9tffk4o0s0hj9pqs52` (`id_account`)
) ENGINE=MyISAM DEFAULT CHARSET=utf8mb4 COLLATE=utf8mb4_0900_ai_ci;
/*!40101 SET character_set_client = @saved_cs_client */;

--
-- Dumping data for table `employee`
--

LOCK TABLES `employee` WRITE;
/*!40000 ALTER TABLE `employee` DISABLE KEYS */;
/*!40000 ALTER TABLE `employee` ENABLE KEYS */;
UNLOCK TABLES;

--
-- Table structure for table `role`
--

DROP TABLE IF EXISTS `role`;
/*!40101 SET @saved_cs_client     = @@character_set_client */;
/*!50503 SET character_set_client = utf8mb4 */;
CREATE TABLE `role` (
  `id_role` int NOT NULL AUTO_INCREMENT,
  `name_role` varchar(255) DEFAULT NULL,
  PRIMARY KEY (`id_role`)
) ENGINE=MyISAM AUTO_INCREMENT=3 DEFAULT CHARSET=utf8mb4 COLLATE=utf8mb4_0900_ai_ci;
/*!40101 SET character_set_client = @saved_cs_client */;

--
-- Dumping data for table `role`
--

LOCK TABLES `role` WRITE;
/*!40000 ALTER TABLE `role` DISABLE KEYS */;
INSERT INTO `role` VALUES (1,'ROLE_CUSTOMER'),(2,'ROLE_ADMIN');
/*!40000 ALTER TABLE `role` ENABLE KEYS */;
UNLOCK TABLES;

--
-- Table structure for table `schedule`
--

DROP TABLE IF EXISTS `schedule`;
/*!40101 SET @saved_cs_client     = @@character_set_client */;
/*!50503 SET character_set_client = utf8mb4 */;
CREATE TABLE `schedule` (
  `id_schedule` int NOT NULL AUTO_INCREMENT,
  `date_departure` date DEFAULT NULL,
  `time_departure` time DEFAULT NULL,
  `id_ship` int DEFAULT NULL,
  PRIMARY KEY (`id_schedule`),
  KEY `FK3w3mhvoejivrh5b07rp8dbaqk` (`id_ship`)
) ENGINE=MyISAM AUTO_INCREMENT=56 DEFAULT CHARSET=utf8mb4 COLLATE=utf8mb4_0900_ai_ci;
/*!40101 SET character_set_client = @saved_cs_client */;

--
-- Dumping data for table `schedule`
--

LOCK TABLES `schedule` WRITE;
/*!40000 ALTER TABLE `schedule` DISABLE KEYS */;
INSERT INTO `schedule` VALUES (1,'2023-09-16','21:00:00',1),(2,'2023-09-15','18:00:00',1),(3,'2023-09-15','18:00:00',1),(4,'2002-09-10','18:00:00',1),(5,'2002-09-18','17:00:00',1),(6,'2023-09-17','21:00:00',1),(7,'2023-09-18','20:00:00',1),(8,'2023-09-19','21:00:00',1),(9,'2023-09-20','17:00:00',1),(10,'2023-09-21','21:00:00',1),(11,'2023-09-22','21:00:00',1),(12,'2023-09-23','21:00:00',1),(13,'2023-09-24','21:00:00',1),(14,'2023-09-25','21:00:00',1),(15,'2023-09-26','21:00:00',1),(16,'2023-09-27','21:00:00',1),(17,'2023-09-28','21:00:00',1),(18,'2023-09-29','21:00:00',1),(19,'2023-09-22','20:00:00',1),(20,'2023-09-23','20:00:00',1),(21,'2023-09-24','20:00:00',1),(22,'2023-09-25','20:00:00',1),(23,'2023-09-26','20:00:00',1),(24,'2023-09-27','20:00:00',1),(25,'2023-09-28','20:00:00',1),(26,'2023-09-29','20:00:00',1),(27,'2023-09-22','19:00:00',1),(28,'2023-09-23','19:00:00',1),(29,'2023-09-24','19:00:00',1),(30,'2023-09-25','19:00:00',1),(31,'2023-09-26','19:00:00',1),(32,'2023-09-27','19:00:00',1),(33,'2023-09-28','19:00:00',1),(34,'2023-09-29','19:00:00',1),(35,'2023-09-22','18:00:00',1),(36,'2023-09-23','18:00:00',1),(37,'2023-09-24','18:00:00',1),(38,'2023-09-25','18:00:00',1),(39,'2023-09-26','18:00:00',1),(40,'2023-09-27','18:00:00',1),(41,'2023-09-28','18:00:00',1),(42,'2023-09-29','18:00:00',1),(43,'2023-09-22','17:00:00',1),(44,'2023-09-23','17:00:00',1),(45,'2023-09-24','17:00:00',1),(46,'2023-09-25','17:00:00',1),(47,'2023-09-26','17:00:00',1),(48,'2023-09-27','17:00:00',1),(49,'2023-09-28','17:00:00',1),(50,'2023-09-29','17:00:00',1),(51,'2023-09-30','17:00:00',1),(52,'2023-09-30','18:00:00',1),(53,'2023-09-30','19:00:00',1),(54,'2023-09-30','20:00:00',1),(55,'2023-09-30','21:00:00',1);
/*!40000 ALTER TABLE `schedule` ENABLE KEYS */;
UNLOCK TABLES;

--
-- Table structure for table `seat`
--

DROP TABLE IF EXISTS `seat`;
/*!40101 SET @saved_cs_client     = @@character_set_client */;
/*!50503 SET character_set_client = utf8mb4 */;
CREATE TABLE `seat` (
  `id_seat` int NOT NULL AUTO_INCREMENT,
  `flag_payment` bit(1) NOT NULL,
  `name_seat` varchar(255) DEFAULT NULL,
  `id_schedule` int DEFAULT NULL,
  `id_type_seat` int DEFAULT NULL,
  PRIMARY KEY (`id_seat`),
  KEY `FK3dchc2ijos7asy74xspaxbwwm` (`id_schedule`),
  KEY `FK28kyfo0ys52noa3gtkolnb7jd` (`id_type_seat`)
) ENGINE=MyISAM AUTO_INCREMENT=4951 DEFAULT CHARSET=utf8mb4 COLLATE=utf8mb4_0900_ai_ci;
/*!40101 SET character_set_client = @saved_cs_client */;

--
-- Dumping data for table `seat`
--

LOCK TABLES `seat` WRITE;
/*!40000 ALTER TABLE `seat` DISABLE KEYS */;
INSERT INTO `seat` VALUES (1,_binary '','A1',1,1),(2,_binary '','A2',1,1),(3,_binary '','A3',1,1),(4,_binary '\0','A4',1,1),(5,_binary '\0','A5',1,1),(6,_binary '\0','A6',1,1),(7,_binary '\0','A7',1,1),(8,_binary '\0','A8',1,1),(9,_binary '\0','A9',1,1),(10,_binary '\0','A10',1,1),(11,_binary '','A11',1,1),(12,_binary '\0','A12',1,1),(13,_binary '\0','A13',1,1),(14,_binary '','A14',1,1),(15,_binary '','A15',1,1),(16,_binary '\0','A16',1,1),(17,_binary '\0','A17',1,1),(18,_binary '\0','A18',1,1),(19,_binary '\0','A19',1,1),(20,_binary '\0','A20',1,1),(21,_binary '\0','A21',1,1),(22,_binary '\0','A22',1,1),(23,_binary '\0','A23',1,1),(24,_binary '\0','A24',1,1),(25,_binary '\0','A25',1,1),(26,_binary '\0','A26',1,1),(27,_binary '\0','A27',1,1),(28,_binary '\0','A28',1,1),(29,_binary '\0','A29',1,1),(30,_binary '\0','A30',1,1),(31,_binary '','B1',1,2),(32,_binary '','B2',1,2),(33,_binary '\0','B3',1,2),(34,_binary '\0','B4',1,2),(35,_binary '\0','B5',1,2),(36,_binary '\0','B6',1,2),(37,_binary '\0','B7',1,2),(38,_binary '\0','B8',1,2),(39,_binary '\0','B9',1,2),(40,_binary '\0','B10',1,2),(41,_binary '','B11',1,2),(42,_binary '','B12',1,2),(43,_binary '\0','B13',1,2),(44,_binary '','B14',1,2),(45,_binary '\0','B15',1,2),(46,_binary '','B16',1,2),(47,_binary '','B17',1,2),(48,_binary '','B18',1,2),(49,_binary '\0','B19',1,2),(50,_binary '\0','B20',1,2),(51,_binary '\0','B21',1,2),(52,_binary '\0','B22',1,2),(53,_binary '\0','B23',1,2),(54,_binary '\0','B24',1,2),(55,_binary '\0','B25',1,2),(56,_binary '','B26',1,2),(57,_binary '','B27',1,2),(58,_binary '','B28',1,2),(59,_binary '\0','B29',1,2),(60,_binary '\0','B30',1,2),(61,_binary '\0','C1',1,3),(62,_binary '\0','C2',1,3),(63,_binary '\0','C3',1,3),(64,_binary '\0','C4',1,3),(65,_binary '\0','C5',1,3),(66,_binary '\0','C6',1,3),(67,_binary '\0','C7',1,3),(68,_binary '\0','C8',1,3),(69,_binary '\0','C9',1,3),(70,_binary '\0','C10',1,3),(71,_binary '\0','C11',1,3),(72,_binary '\0','C12',1,3),(73,_binary '\0','C13',1,3),(74,_binary '\0','C14',1,3),(75,_binary '\0','C15',1,3),(76,_binary '\0','C16',1,3),(77,_binary '\0','C17',1,3),(78,_binary '\0','C18',1,3),(79,_binary '\0','C19',1,3),(80,_binary '\0','C20',1,3),(81,_binary '\0','C21',1,3),(82,_binary '\0','C22',1,3),(83,_binary '\0','C23',1,3),(84,_binary '\0','C24',1,3),(85,_binary '\0','C25',1,3),(86,_binary '\0','C26',1,3),(87,_binary '\0','C27',1,3),(88,_binary '\0','C28',1,3),(89,_binary '\0','C29',1,3),(90,_binary '\0','C30',1,3),(91,_binary '\0','A1',2,1),(92,_binary '\0','A2',2,1),(93,_binary '\0','A3',2,1),(94,_binary '\0','A4',2,1),(95,_binary '\0','A5',2,1),(96,_binary '\0','A6',2,1),(97,_binary '\0','A7',2,1),(98,_binary '\0','A8',2,1),(99,_binary '\0','A9',2,1),(100,_binary '\0','A10',2,1),(101,_binary '\0','A11',2,1),(102,_binary '\0','A12',2,1),(103,_binary '\0','A13',2,1),(104,_binary '\0','A14',2,1),(105,_binary '\0','A15',2,1),(106,_binary '\0','A16',2,1),(107,_binary '\0','A17',2,1),(108,_binary '\0','A18',2,1),(109,_binary '\0','A19',2,1),(110,_binary '\0','A20',2,1),(111,_binary '\0','A21',2,1),(112,_binary '\0','A22',2,1),(113,_binary '\0','A23',2,1),(114,_binary '\0','A24',2,1),(115,_binary '\0','A25',2,1),(116,_binary '\0','A26',2,1),(117,_binary '\0','A27',2,1),(118,_binary '\0','A28',2,1),(119,_binary '\0','A29',2,1),(120,_binary '\0','A30',2,1),(121,_binary '\0','B1',2,2),(122,_binary '\0','B2',2,2),(123,_binary '\0','B3',2,2),(124,_binary '\0','B4',2,2),(125,_binary '\0','B5',2,2),(126,_binary '\0','B6',2,2),(127,_binary '\0','B7',2,2),(128,_binary '\0','B8',2,2),(129,_binary '\0','B9',2,2),(130,_binary '\0','B10',2,2),(131,_binary '','B11',2,2),(132,_binary '','B12',2,2),(133,_binary '\0','B13',2,2),(134,_binary '\0','B14',2,2),(135,_binary '\0','B15',2,2),(136,_binary '','B16',2,2),(137,_binary '','B17',2,2),(138,_binary '\0','B18',2,2),(139,_binary '\0','B19',2,2),(140,_binary '\0','B20',2,2),(141,_binary '','B21',2,2),(142,_binary '','B22',2,2),(143,_binary '\0','B23',2,2),(144,_binary '\0','B24',2,2),(145,_binary '\0','B25',2,2),(146,_binary '\0','B26',2,2),(147,_binary '\0','B27',2,2),(148,_binary '','B28',2,2),(149,_binary '\0','B29',2,2),(150,_binary '\0','B30',2,2),(151,_binary '\0','C1',2,3),(152,_binary '\0','C2',2,3),(153,_binary '\0','C3',2,3),(154,_binary '\0','C4',2,3),(155,_binary '\0','C5',2,3),(156,_binary '\0','C6',2,3),(157,_binary '\0','C7',2,3),(158,_binary '\0','C8',2,3),(159,_binary '\0','C9',2,3),(160,_binary '\0','C10',2,3),(161,_binary '\0','C11',2,3),(162,_binary '\0','C12',2,3),(163,_binary '\0','C13',2,3),(164,_binary '\0','C14',2,3),(165,_binary '\0','C15',2,3),(166,_binary '\0','C16',2,3),(167,_binary '\0','C17',2,3),(168,_binary '\0','C18',2,3),(169,_binary '\0','C19',2,3),(170,_binary '\0','C20',2,3),(171,_binary '\0','C21',2,3),(172,_binary '\0','C22',2,3),(173,_binary '\0','C23',2,3),(174,_binary '\0','C24',2,3),(175,_binary '\0','C25',2,3),(176,_binary '\0','C26',2,3),(177,_binary '\0','C27',2,3),(178,_binary '\0','C28',2,3),(179,_binary '\0','C29',2,3),(180,_binary '\0','C30',2,3),(181,_binary '\0','A1',3,1),(182,_binary '\0','A2',3,1),(183,_binary '\0','A3',3,1),(184,_binary '\0','A4',3,1),(185,_binary '\0','A5',3,1),(186,_binary '\0','A6',3,1),(187,_binary '\0','A7',3,1),(188,_binary '\0','A8',3,1),(189,_binary '\0','A9',3,1),(190,_binary '\0','A10',3,1),(191,_binary '\0','A11',3,1),(192,_binary '\0','A12',3,1),(193,_binary '\0','A13',3,1),(194,_binary '\0','A14',3,1),(195,_binary '\0','A15',3,1),(196,_binary '\0','A16',3,1),(197,_binary '\0','A17',3,1),(198,_binary '\0','A18',3,1),(199,_binary '\0','A19',3,1),(200,_binary '\0','A20',3,1),(201,_binary '\0','A21',3,1),(202,_binary '\0','A22',3,1),(203,_binary '\0','A23',3,1),(204,_binary '\0','A24',3,1),(205,_binary '\0','A25',3,1),(206,_binary '\0','A26',3,1),(207,_binary '\0','A27',3,1),(208,_binary '\0','A28',3,1),(209,_binary '\0','A29',3,1),(210,_binary '\0','A30',3,1),(211,_binary '\0','B1',3,2),(212,_binary '\0','B2',3,2),(213,_binary '\0','B3',3,2),(214,_binary '\0','B4',3,2),(215,_binary '\0','B5',3,2),(216,_binary '\0','B6',3,2),(217,_binary '\0','B7',3,2),(218,_binary '\0','B8',3,2),(219,_binary '\0','B9',3,2),(220,_binary '\0','B10',3,2),(221,_binary '\0','B11',3,2),(222,_binary '\0','B12',3,2),(223,_binary '\0','B13',3,2),(224,_binary '\0','B14',3,2),(225,_binary '\0','B15',3,2),(226,_binary '\0','B16',3,2),(227,_binary '\0','B17',3,2),(228,_binary '\0','B18',3,2),(229,_binary '\0','B19',3,2),(230,_binary '\0','B20',3,2),(231,_binary '\0','B21',3,2),(232,_binary '\0','B22',3,2),(233,_binary '\0','B23',3,2),(234,_binary '\0','B24',3,2),(235,_binary '\0','B25',3,2),(236,_binary '\0','B26',3,2),(237,_binary '\0','B27',3,2),(238,_binary '\0','B28',3,2),(239,_binary '\0','B29',3,2),(240,_binary '\0','B30',3,2),(241,_binary '\0','C1',3,3),(242,_binary '\0','C2',3,3),(243,_binary '\0','C3',3,3),(244,_binary '\0','C4',3,3),(245,_binary '\0','C5',3,3),(246,_binary '\0','C6',3,3),(247,_binary '\0','C7',3,3),(248,_binary '\0','C8',3,3),(249,_binary '\0','C9',3,3),(250,_binary '\0','C10',3,3),(251,_binary '\0','C11',3,3),(252,_binary '\0','C12',3,3),(253,_binary '\0','C13',3,3),(254,_binary '\0','C14',3,3),(255,_binary '\0','C15',3,3),(256,_binary '\0','C16',3,3),(257,_binary '\0','C17',3,3),(258,_binary '\0','C18',3,3),(259,_binary '\0','C19',3,3),(260,_binary '\0','C20',3,3),(261,_binary '\0','C21',3,3),(262,_binary '\0','C22',3,3),(263,_binary '\0','C23',3,3),(264,_binary '\0','C24',3,3),(265,_binary '\0','C25',3,3),(266,_binary '\0','C26',3,3),(267,_binary '\0','C27',3,3),(268,_binary '\0','C28',3,3),(269,_binary '\0','C29',3,3),(270,_binary '\0','C30',3,3),(271,_binary '\0','A1',4,1),(272,_binary '\0','A2',4,1),(273,_binary '\0','A3',4,1),(274,_binary '\0','A4',4,1),(275,_binary '\0','A5',4,1),(276,_binary '\0','A6',4,1),(277,_binary '\0','A7',4,1),(278,_binary '\0','A8',4,1),(279,_binary '\0','A9',4,1),(280,_binary '\0','A10',4,1),(281,_binary '\0','A11',4,1),(282,_binary '\0','A12',4,1),(283,_binary '\0','A13',4,1),(284,_binary '\0','A14',4,1),(285,_binary '\0','A15',4,1),(286,_binary '\0','A16',4,1),(287,_binary '\0','A17',4,1),(288,_binary '\0','A18',4,1),(289,_binary '\0','A19',4,1),(290,_binary '\0','A20',4,1),(291,_binary '\0','A21',4,1),(292,_binary '\0','A22',4,1),(293,_binary '\0','A23',4,1),(294,_binary '\0','A24',4,1),(295,_binary '\0','A25',4,1),(296,_binary '\0','A26',4,1),(297,_binary '\0','A27',4,1),(298,_binary '\0','A28',4,1),(299,_binary '\0','A29',4,1),(300,_binary '\0','A30',4,1),(301,_binary '\0','B1',4,2),(302,_binary '\0','B2',4,2),(303,_binary '\0','B3',4,2),(304,_binary '\0','B4',4,2),(305,_binary '\0','B5',4,2),(306,_binary '\0','B6',4,2),(307,_binary '\0','B7',4,2),(308,_binary '\0','B8',4,2),(309,_binary '\0','B9',4,2),(310,_binary '\0','B10',4,2),(311,_binary '\0','B11',4,2),(312,_binary '\0','B12',4,2),(313,_binary '\0','B13',4,2),(314,_binary '\0','B14',4,2),(315,_binary '\0','B15',4,2),(316,_binary '\0','B16',4,2),(317,_binary '\0','B17',4,2),(318,_binary '\0','B18',4,2),(319,_binary '\0','B19',4,2),(320,_binary '\0','B20',4,2),(321,_binary '\0','B21',4,2),(322,_binary '\0','B22',4,2),(323,_binary '\0','B23',4,2),(324,_binary '\0','B24',4,2),(325,_binary '\0','B25',4,2),(326,_binary '\0','B26',4,2),(327,_binary '\0','B27',4,2),(328,_binary '\0','B28',4,2),(329,_binary '\0','B29',4,2),(330,_binary '\0','B30',4,2),(331,_binary '\0','C1',4,3),(332,_binary '\0','C2',4,3),(333,_binary '\0','C3',4,3),(334,_binary '\0','C4',4,3),(335,_binary '\0','C5',4,3),(336,_binary '\0','C6',4,3),(337,_binary '\0','C7',4,3),(338,_binary '\0','C8',4,3),(339,_binary '\0','C9',4,3),(340,_binary '\0','C10',4,3),(341,_binary '\0','C11',4,3),(342,_binary '\0','C12',4,3),(343,_binary '\0','C13',4,3),(344,_binary '\0','C14',4,3),(345,_binary '\0','C15',4,3),(346,_binary '\0','C16',4,3),(347,_binary '\0','C17',4,3),(348,_binary '\0','C18',4,3),(349,_binary '\0','C19',4,3),(350,_binary '\0','C20',4,3),(351,_binary '\0','C21',4,3),(352,_binary '\0','C22',4,3),(353,_binary '\0','C23',4,3),(354,_binary '\0','C24',4,3),(355,_binary '\0','C25',4,3),(356,_binary '\0','C26',4,3),(357,_binary '\0','C27',4,3),(358,_binary '\0','C28',4,3),(359,_binary '\0','C29',4,3),(360,_binary '\0','C30',4,3),(361,_binary '\0','A1',5,1),(362,_binary '\0','A2',5,1),(363,_binary '\0','A3',5,1),(364,_binary '\0','A4',5,1),(365,_binary '\0','A5',5,1),(366,_binary '\0','A6',5,1),(367,_binary '\0','A7',5,1),(368,_binary '\0','A8',5,1),(369,_binary '\0','A9',5,1),(370,_binary '\0','A10',5,1),(371,_binary '\0','A11',5,1),(372,_binary '\0','A12',5,1),(373,_binary '\0','A13',5,1),(374,_binary '\0','A14',5,1),(375,_binary '\0','A15',5,1),(376,_binary '\0','A16',5,1),(377,_binary '\0','A17',5,1),(378,_binary '\0','A18',5,1),(379,_binary '\0','A19',5,1),(380,_binary '\0','A20',5,1),(381,_binary '\0','A21',5,1),(382,_binary '\0','A22',5,1),(383,_binary '\0','A23',5,1),(384,_binary '\0','A24',5,1),(385,_binary '\0','A25',5,1),(386,_binary '\0','A26',5,1),(387,_binary '\0','A27',5,1),(388,_binary '\0','A28',5,1),(389,_binary '\0','A29',5,1),(390,_binary '\0','A30',5,1),(391,_binary '\0','B1',5,2),(392,_binary '\0','B2',5,2),(393,_binary '\0','B3',5,2),(394,_binary '\0','B4',5,2),(395,_binary '\0','B5',5,2),(396,_binary '\0','B6',5,2),(397,_binary '\0','B7',5,2),(398,_binary '\0','B8',5,2),(399,_binary '\0','B9',5,2),(400,_binary '\0','B10',5,2),(401,_binary '\0','B11',5,2),(402,_binary '\0','B12',5,2),(403,_binary '\0','B13',5,2),(404,_binary '\0','B14',5,2),(405,_binary '\0','B15',5,2),(406,_binary '\0','B16',5,2),(407,_binary '\0','B17',5,2),(408,_binary '\0','B18',5,2),(409,_binary '\0','B19',5,2),(410,_binary '\0','B20',5,2),(411,_binary '\0','B21',5,2),(412,_binary '\0','B22',5,2),(413,_binary '\0','B23',5,2),(414,_binary '\0','B24',5,2),(415,_binary '\0','B25',5,2),(416,_binary '\0','B26',5,2),(417,_binary '\0','B27',5,2),(418,_binary '\0','B28',5,2),(419,_binary '\0','B29',5,2),(420,_binary '\0','B30',5,2),(421,_binary '\0','C1',5,3),(422,_binary '\0','C2',5,3),(423,_binary '\0','C3',5,3),(424,_binary '\0','C4',5,3),(425,_binary '\0','C5',5,3),(426,_binary '\0','C6',5,3),(427,_binary '\0','C7',5,3),(428,_binary '\0','C8',5,3),(429,_binary '\0','C9',5,3),(430,_binary '\0','C10',5,3),(431,_binary '\0','C11',5,3),(432,_binary '\0','C12',5,3),(433,_binary '\0','C13',5,3),(434,_binary '\0','C14',5,3),(435,_binary '\0','C15',5,3),(436,_binary '\0','C16',5,3),(437,_binary '\0','C17',5,3),(438,_binary '\0','C18',5,3),(439,_binary '\0','C19',5,3),(440,_binary '\0','C20',5,3),(441,_binary '\0','C21',5,3),(442,_binary '\0','C22',5,3),(443,_binary '\0','C23',5,3),(444,_binary '\0','C24',5,3),(445,_binary '\0','C25',5,3),(446,_binary '\0','C26',5,3),(447,_binary '\0','C27',5,3),(448,_binary '\0','C28',5,3),(449,_binary '\0','C29',5,3),(450,_binary '\0','C30',5,3),(451,_binary '\0','A1',6,1),(452,_binary '\0','A2',6,1),(453,_binary '\0','A3',6,1),(454,_binary '\0','A4',6,1),(455,_binary '\0','A5',6,1),(456,_binary '\0','A6',6,1),(457,_binary '\0','A7',6,1),(458,_binary '\0','A8',6,1),(459,_binary '\0','A9',6,1),(460,_binary '\0','A10',6,1),(461,_binary '\0','A11',6,1),(462,_binary '\0','A12',6,1),(463,_binary '','A13',6,1),(464,_binary '','A14',6,1),(465,_binary '','A15',6,1),(466,_binary '\0','A16',6,1),(467,_binary '\0','A17',6,1),(468,_binary '\0','A18',6,1),(469,_binary '\0','A19',6,1),(470,_binary '\0','A20',6,1),(471,_binary '\0','A21',6,1),(472,_binary '\0','A22',6,1),(473,_binary '\0','A23',6,1),(474,_binary '\0','A24',6,1),(475,_binary '\0','A25',6,1),(476,_binary '\0','A26',6,1),(477,_binary '\0','A27',6,1),(478,_binary '\0','A28',6,1),(479,_binary '\0','A29',6,1),(480,_binary '\0','A30',6,1),(481,_binary '\0','B1',6,2),(482,_binary '\0','B2',6,2),(483,_binary '\0','B3',6,2),(484,_binary '\0','B4',6,2),(485,_binary '\0','B5',6,2),(486,_binary '\0','B6',6,2),(487,_binary '\0','B7',6,2),(488,_binary '\0','B8',6,2),(489,_binary '\0','B9',6,2),(490,_binary '\0','B10',6,2),(491,_binary '','B11',6,2),(492,_binary '','B12',6,2),(493,_binary '','B13',6,2),(494,_binary '\0','B14',6,2),(495,_binary '\0','B15',6,2),(496,_binary '','B16',6,2),(497,_binary '','B17',6,2),(498,_binary '','B18',6,2),(499,_binary '\0','B19',6,2),(500,_binary '\0','B20',6,2),(501,_binary '','B21',6,2),(502,_binary '','B22',6,2),(503,_binary '\0','B23',6,2),(504,_binary '\0','B24',6,2),(505,_binary '\0','B25',6,2),(506,_binary '','B26',6,2),(507,_binary '','B27',6,2),(508,_binary '','B28',6,2),(509,_binary '\0','B29',6,2),(510,_binary '\0','B30',6,2),(511,_binary '\0','C1',6,3),(512,_binary '\0','C2',6,3),(513,_binary '\0','C3',6,3),(514,_binary '\0','C4',6,3),(515,_binary '\0','C5',6,3),(516,_binary '\0','C6',6,3),(517,_binary '\0','C7',6,3),(518,_binary '\0','C8',6,3),(519,_binary '\0','C9',6,3),(520,_binary '\0','C10',6,3),(521,_binary '\0','C11',6,3),(522,_binary '\0','C12',6,3),(523,_binary '\0','C13',6,3),(524,_binary '\0','C14',6,3),(525,_binary '\0','C15',6,3),(526,_binary '\0','C16',6,3),(527,_binary '\0','C17',6,3),(528,_binary '\0','C18',6,3),(529,_binary '\0','C19',6,3),(530,_binary '\0','C20',6,3),(531,_binary '\0','C21',6,3),(532,_binary '\0','C22',6,3),(533,_binary '\0','C23',6,3),(534,_binary '\0','C24',6,3),(535,_binary '\0','C25',6,3),(536,_binary '\0','C26',6,3),(537,_binary '\0','C27',6,3),(538,_binary '\0','C28',6,3),(539,_binary '\0','C29',6,3),(540,_binary '\0','C30',6,3),(541,_binary '\0','A1',7,1),(542,_binary '\0','A2',7,1),(543,_binary '\0','A3',7,1),(544,_binary '\0','A4',7,1),(545,_binary '\0','A5',7,1),(546,_binary '\0','A6',7,1),(547,_binary '\0','A7',7,1),(548,_binary '\0','A8',7,1),(549,_binary '\0','A9',7,1),(550,_binary '\0','A10',7,1),(551,_binary '\0','A11',7,1),(552,_binary '\0','A12',7,1),(553,_binary '\0','A13',7,1),(554,_binary '\0','A14',7,1),(555,_binary '\0','A15',7,1),(556,_binary '\0','A16',7,1),(557,_binary '\0','A17',7,1),(558,_binary '\0','A18',7,1),(559,_binary '\0','A19',7,1),(560,_binary '\0','A20',7,1),(561,_binary '\0','A21',7,1),(562,_binary '\0','A22',7,1),(563,_binary '\0','A23',7,1),(564,_binary '\0','A24',7,1),(565,_binary '\0','A25',7,1),(566,_binary '\0','A26',7,1),(567,_binary '\0','A27',7,1),(568,_binary '\0','A28',7,1),(569,_binary '\0','A29',7,1),(570,_binary '\0','A30',7,1),(571,_binary '\0','B1',7,2),(572,_binary '\0','B2',7,2),(573,_binary '\0','B3',7,2),(574,_binary '\0','B4',7,2),(575,_binary '\0','B5',7,2),(576,_binary '\0','B6',7,2),(577,_binary '\0','B7',7,2),(578,_binary '\0','B8',7,2),(579,_binary '\0','B9',7,2),(580,_binary '\0','B10',7,2),(581,_binary '\0','B11',7,2),(582,_binary '\0','B12',7,2),(583,_binary '','B13',7,2),(584,_binary '','B14',7,2),(585,_binary '','B15',7,2),(586,_binary '','B16',7,2),(587,_binary '','B17',7,2),(588,_binary '','B18',7,2),(589,_binary '','B19',7,2),(590,_binary '','B20',7,2),(591,_binary '','B21',7,2),(592,_binary '','B22',7,2),(593,_binary '','B23',7,2),(594,_binary '','B24',7,2),(595,_binary '','B25',7,2),(596,_binary '','B26',7,2),(597,_binary '','B27',7,2),(598,_binary '','B28',7,2),(599,_binary '','B29',7,2),(600,_binary '\0','B30',7,2),(601,_binary '\0','C1',7,3),(602,_binary '\0','C2',7,3),(603,_binary '\0','C3',7,3),(604,_binary '\0','C4',7,3),(605,_binary '\0','C5',7,3),(606,_binary '\0','C6',7,3),(607,_binary '\0','C7',7,3),(608,_binary '\0','C8',7,3),(609,_binary '\0','C9',7,3),(610,_binary '\0','C10',7,3),(611,_binary '\0','C11',7,3),(612,_binary '\0','C12',7,3),(613,_binary '\0','C13',7,3),(614,_binary '\0','C14',7,3),(615,_binary '\0','C15',7,3),(616,_binary '\0','C16',7,3),(617,_binary '\0','C17',7,3),(618,_binary '\0','C18',7,3),(619,_binary '\0','C19',7,3),(620,_binary '\0','C20',7,3),(621,_binary '\0','C21',7,3),(622,_binary '\0','C22',7,3),(623,_binary '\0','C23',7,3),(624,_binary '\0','C24',7,3),(625,_binary '\0','C25',7,3),(626,_binary '\0','C26',7,3),(627,_binary '\0','C27',7,3),(628,_binary '','C28',7,3),(629,_binary '','C29',7,3),(630,_binary '\0','C30',7,3),(631,_binary '\0','A1',8,1),(632,_binary '\0','A2',8,1),(633,_binary '\0','A3',8,1),(634,_binary '\0','A4',8,1),(635,_binary '\0','A5',8,1),(636,_binary '\0','A6',8,1),(637,_binary '\0','A7',8,1),(638,_binary '\0','A8',8,1),(639,_binary '\0','A9',8,1),(640,_binary '\0','A10',8,1),(641,_binary '\0','A11',8,1),(642,_binary '\0','A12',8,1),(643,_binary '\0','A13',8,1),(644,_binary '\0','A14',8,1),(645,_binary '\0','A15',8,1),(646,_binary '\0','A16',8,1),(647,_binary '\0','A17',8,1),(648,_binary '\0','A18',8,1),(649,_binary '\0','A19',8,1),(650,_binary '\0','A20',8,1),(651,_binary '\0','A21',8,1),(652,_binary '\0','A22',8,1),(653,_binary '\0','A23',8,1),(654,_binary '\0','A24',8,1),(655,_binary '\0','A25',8,1),(656,_binary '\0','A26',8,1),(657,_binary '\0','A27',8,1),(658,_binary '\0','A28',8,1),(659,_binary '\0','A29',8,1),(660,_binary '\0','A30',8,1),(661,_binary '\0','B1',8,2),(662,_binary '\0','B2',8,2),(663,_binary '\0','B3',8,2),(664,_binary '\0','B4',8,2),(665,_binary '\0','B5',8,2),(666,_binary '\0','B6',8,2),(667,_binary '\0','B7',8,2),(668,_binary '\0','B8',8,2),(669,_binary '\0','B9',8,2),(670,_binary '\0','B10',8,2),(671,_binary '\0','B11',8,2),(672,_binary '\0','B12',8,2),(673,_binary '\0','B13',8,2),(674,_binary '\0','B14',8,2),(675,_binary '\0','B15',8,2),(676,_binary '\0','B16',8,2),(677,_binary '','B17',8,2),(678,_binary '','B18',8,2),(679,_binary '\0','B19',8,2),(680,_binary '\0','B20',8,2),(681,_binary '\0','B21',8,2),(682,_binary '\0','B22',8,2),(683,_binary '\0','B23',8,2),(684,_binary '\0','B24',8,2),(685,_binary '\0','B25',8,2),(686,_binary '\0','B26',8,2),(687,_binary '\0','B27',8,2),(688,_binary '\0','B28',8,2),(689,_binary '\0','B29',8,2),(690,_binary '\0','B30',8,2),(691,_binary '\0','C1',8,3),(692,_binary '\0','C2',8,3),(693,_binary '\0','C3',8,3),(694,_binary '\0','C4',8,3),(695,_binary '\0','C5',8,3),(696,_binary '\0','C6',8,3),(697,_binary '\0','C7',8,3),(698,_binary '\0','C8',8,3),(699,_binary '\0','C9',8,3),(700,_binary '\0','C10',8,3),(701,_binary '\0','C11',8,3),(702,_binary '\0','C12',8,3),(703,_binary '\0','C13',8,3),(704,_binary '\0','C14',8,3),(705,_binary '\0','C15',8,3),(706,_binary '','C16',8,3),(707,_binary '','C17',8,3),(708,_binary '','C18',8,3),(709,_binary '\0','C19',8,3),(710,_binary '\0','C20',8,3),(711,_binary '\0','C21',8,3),(712,_binary '\0','C22',8,3),(713,_binary '\0','C23',8,3),(714,_binary '\0','C24',8,3),(715,_binary '\0','C25',8,3),(716,_binary '\0','C26',8,3),(717,_binary '\0','C27',8,3),(718,_binary '\0','C28',8,3),(719,_binary '\0','C29',8,3),(720,_binary '\0','C30',8,3),(721,_binary '\0','A1',9,1),(722,_binary '\0','A2',9,1),(723,_binary '\0','A3',9,1),(724,_binary '\0','A4',9,1),(725,_binary '\0','A5',9,1),(726,_binary '\0','A6',9,1),(727,_binary '\0','A7',9,1),(728,_binary '\0','A8',9,1),(729,_binary '\0','A9',9,1),(730,_binary '\0','A10',9,1),(731,_binary '\0','A11',9,1),(732,_binary '\0','A12',9,1),(733,_binary '\0','A13',9,1),(734,_binary '\0','A14',9,1),(735,_binary '\0','A15',9,1),(736,_binary '\0','A16',9,1),(737,_binary '\0','A17',9,1),(738,_binary '','A18',9,1),(739,_binary '','A19',9,1),(740,_binary '','A20',9,1),(741,_binary '\0','A21',9,1),(742,_binary '\0','A22',9,1),(743,_binary '\0','A23',9,1),(744,_binary '\0','A24',9,1),(745,_binary '\0','A25',9,1),(746,_binary '\0','A26',9,1),(747,_binary '\0','A27',9,1),(748,_binary '\0','A28',9,1),(749,_binary '\0','A29',9,1),(750,_binary '\0','A30',9,1),(751,_binary '\0','B1',9,2),(752,_binary '\0','B2',9,2),(753,_binary '\0','B3',9,2),(754,_binary '\0','B4',9,2),(755,_binary '\0','B5',9,2),(756,_binary '\0','B6',9,2),(757,_binary '\0','B7',9,2),(758,_binary '\0','B8',9,2),(759,_binary '\0','B9',9,2),(760,_binary '\0','B10',9,2),(761,_binary '\0','B11',9,2),(762,_binary '\0','B12',9,2),(763,_binary '','B13',9,2),(764,_binary '','B14',9,2),(765,_binary '\0','B15',9,2),(766,_binary '','B16',9,2),(767,_binary '','B17',9,2),(768,_binary '','B18',9,2),(769,_binary '\0','B19',9,2),(770,_binary '','B20',9,2),(771,_binary '\0','B21',9,2),(772,_binary '\0','B22',9,2),(773,_binary '\0','B23',9,2),(774,_binary '\0','B24',9,2),(775,_binary '\0','B25',9,2),(776,_binary '\0','B26',9,2),(777,_binary '\0','B27',9,2),(778,_binary '\0','B28',9,2),(779,_binary '\0','B29',9,2),(780,_binary '\0','B30',9,2),(781,_binary '\0','C1',9,3),(782,_binary '\0','C2',9,3),(783,_binary '\0','C3',9,3),(784,_binary '\0','C4',9,3),(785,_binary '\0','C5',9,3),(786,_binary '\0','C6',9,3),(787,_binary '\0','C7',9,3),(788,_binary '\0','C8',9,3),(789,_binary '\0','C9',9,3),(790,_binary '\0','C10',9,3),(791,_binary '','C11',9,3),(792,_binary '','C12',9,3),(793,_binary '\0','C13',9,3),(794,_binary '\0','C14',9,3),(795,_binary '\0','C15',9,3),(796,_binary '','C16',9,3),(797,_binary '','C17',9,3),(798,_binary '','C18',9,3),(799,_binary '','C19',9,3),(800,_binary '','C20',9,3),(801,_binary '\0','C21',9,3),(802,_binary '\0','C22',9,3),(803,_binary '\0','C23',9,3),(804,_binary '\0','C24',9,3),(805,_binary '\0','C25',9,3),(806,_binary '\0','C26',9,3),(807,_binary '\0','C27',9,3),(808,_binary '\0','C28',9,3),(809,_binary '\0','C29',9,3),(810,_binary '\0','C30',9,3),(811,_binary '\0','A1',10,1),(812,_binary '\0','A2',10,1),(813,_binary '\0','A3',10,1),(814,_binary '\0','A4',10,1),(815,_binary '\0','A5',10,1),(816,_binary '\0','A6',10,1),(817,_binary '\0','A7',10,1),(818,_binary '\0','A8',10,1),(819,_binary '\0','A9',10,1),(820,_binary '\0','A10',10,1),(821,_binary '\0','A11',10,1),(822,_binary '\0','A12',10,1),(823,_binary '\0','A13',10,1),(824,_binary '\0','A14',10,1),(825,_binary '\0','A15',10,1),(826,_binary '\0','A16',10,1),(827,_binary '\0','A17',10,1),(828,_binary '\0','A18',10,1),(829,_binary '\0','A19',10,1),(830,_binary '\0','A20',10,1),(831,_binary '\0','A21',10,1),(832,_binary '\0','A22',10,1),(833,_binary '\0','A23',10,1),(834,_binary '\0','A24',10,1),(835,_binary '\0','A25',10,1),(836,_binary '\0','A26',10,1),(837,_binary '\0','A27',10,1),(838,_binary '\0','A28',10,1),(839,_binary '\0','A29',10,1),(840,_binary '\0','A30',10,1),(841,_binary '\0','B1',10,2),(842,_binary '\0','B2',10,2),(843,_binary '\0','B3',10,2),(844,_binary '\0','B4',10,2),(845,_binary '\0','B5',10,2),(846,_binary '\0','B6',10,2),(847,_binary '\0','B7',10,2),(848,_binary '\0','B8',10,2),(849,_binary '\0','B9',10,2),(850,_binary '\0','B10',10,2),(851,_binary '\0','B11',10,2),(852,_binary '\0','B12',10,2),(853,_binary '\0','B13',10,2),(854,_binary '\0','B14',10,2),(855,_binary '\0','B15',10,2),(856,_binary '\0','B16',10,2),(857,_binary '\0','B17',10,2),(858,_binary '\0','B18',10,2),(859,_binary '\0','B19',10,2),(860,_binary '\0','B20',10,2),(861,_binary '\0','B21',10,2),(862,_binary '\0','B22',10,2),(863,_binary '\0','B23',10,2),(864,_binary '\0','B24',10,2),(865,_binary '\0','B25',10,2),(866,_binary '\0','B26',10,2),(867,_binary '\0','B27',10,2),(868,_binary '\0','B28',10,2),(869,_binary '\0','B29',10,2),(870,_binary '\0','B30',10,2),(871,_binary '\0','C1',10,3),(872,_binary '\0','C2',10,3),(873,_binary '\0','C3',10,3),(874,_binary '\0','C4',10,3),(875,_binary '\0','C5',10,3),(876,_binary '\0','C6',10,3),(877,_binary '\0','C7',10,3),(878,_binary '\0','C8',10,3),(879,_binary '\0','C9',10,3),(880,_binary '\0','C10',10,3),(881,_binary '\0','C11',10,3),(882,_binary '\0','C12',10,3),(883,_binary '\0','C13',10,3),(884,_binary '\0','C14',10,3),(885,_binary '\0','C15',10,3),(886,_binary '','C16',10,3),(887,_binary '','C17',10,3),(888,_binary '\0','C18',10,3),(889,_binary '\0','C19',10,3),(890,_binary '\0','C20',10,3),(891,_binary '\0','C21',10,3),(892,_binary '\0','C22',10,3),(893,_binary '\0','C23',10,3),(894,_binary '\0','C24',10,3),(895,_binary '\0','C25',10,3),(896,_binary '\0','C26',10,3),(897,_binary '\0','C27',10,3),(898,_binary '\0','C28',10,3),(899,_binary '\0','C29',10,3),(900,_binary '\0','C30',10,3),(901,_binary '\0','A1',11,1),(902,_binary '\0','A2',11,1),(903,_binary '\0','A3',11,1),(904,_binary '\0','A4',11,1),(905,_binary '\0','A5',11,1),(906,_binary '\0','A6',11,1),(907,_binary '\0','A7',11,1),(908,_binary '\0','A8',11,1),(909,_binary '\0','A9',11,1),(910,_binary '\0','A10',11,1),(911,_binary '\0','A11',11,1),(912,_binary '\0','A12',11,1),(913,_binary '\0','A13',11,1),(914,_binary '\0','A14',11,1),(915,_binary '\0','A15',11,1),(916,_binary '\0','A16',11,1),(917,_binary '\0','A17',11,1),(918,_binary '\0','A18',11,1),(919,_binary '\0','A19',11,1),(920,_binary '\0','A20',11,1),(921,_binary '\0','A21',11,1),(922,_binary '\0','A22',11,1),(923,_binary '\0','A23',11,1),(924,_binary '\0','A24',11,1),(925,_binary '\0','A25',11,1),(926,_binary '\0','A26',11,1),(927,_binary '\0','A27',11,1),(928,_binary '\0','A28',11,1),(929,_binary '\0','A29',11,1),(930,_binary '\0','A30',11,1),(931,_binary '\0','B1',11,2),(932,_binary '\0','B2',11,2),(933,_binary '\0','B3',11,2),(934,_binary '\0','B4',11,2),(935,_binary '\0','B5',11,2),(936,_binary '\0','B6',11,2),(937,_binary '\0','B7',11,2),(938,_binary '\0','B8',11,2),(939,_binary '\0','B9',11,2),(940,_binary '\0','B10',11,2),(941,_binary '\0','B11',11,2),(942,_binary '\0','B12',11,2),(943,_binary '\0','B13',11,2),(944,_binary '\0','B14',11,2),(945,_binary '\0','B15',11,2),(946,_binary '\0','B16',11,2),(947,_binary '\0','B17',11,2),(948,_binary '\0','B18',11,2),(949,_binary '\0','B19',11,2),(950,_binary '\0','B20',11,2),(951,_binary '\0','B21',11,2),(952,_binary '\0','B22',11,2),(953,_binary '\0','B23',11,2),(954,_binary '\0','B24',11,2),(955,_binary '\0','B25',11,2),(956,_binary '\0','B26',11,2),(957,_binary '\0','B27',11,2),(958,_binary '\0','B28',11,2),(959,_binary '\0','B29',11,2),(960,_binary '\0','B30',11,2),(961,_binary '\0','C1',11,3),(962,_binary '\0','C2',11,3),(963,_binary '\0','C3',11,3),(964,_binary '\0','C4',11,3),(965,_binary '\0','C5',11,3),(966,_binary '\0','C6',11,3),(967,_binary '\0','C7',11,3),(968,_binary '\0','C8',11,3),(969,_binary '\0','C9',11,3),(970,_binary '\0','C10',11,3),(971,_binary '\0','C11',11,3),(972,_binary '\0','C12',11,3),(973,_binary '\0','C13',11,3),(974,_binary '\0','C14',11,3),(975,_binary '\0','C15',11,3),(976,_binary '\0','C16',11,3),(977,_binary '\0','C17',11,3),(978,_binary '\0','C18',11,3),(979,_binary '\0','C19',11,3),(980,_binary '\0','C20',11,3),(981,_binary '\0','C21',11,3),(982,_binary '\0','C22',11,3),(983,_binary '\0','C23',11,3),(984,_binary '\0','C24',11,3),(985,_binary '\0','C25',11,3),(986,_binary '\0','C26',11,3),(987,_binary '\0','C27',11,3),(988,_binary '\0','C28',11,3),(989,_binary '\0','C29',11,3),(990,_binary '\0','C30',11,3),(991,_binary '\0','A1',12,1),(992,_binary '\0','A2',12,1),(993,_binary '\0','A3',12,1),(994,_binary '\0','A4',12,1),(995,_binary '\0','A5',12,1),(996,_binary '\0','A6',12,1),(997,_binary '\0','A7',12,1),(998,_binary '\0','A8',12,1),(999,_binary '\0','A9',12,1),(1000,_binary '\0','A10',12,1),(1001,_binary '\0','A11',12,1),(1002,_binary '\0','A12',12,1),(1003,_binary '\0','A13',12,1),(1004,_binary '\0','A14',12,1),(1005,_binary '\0','A15',12,1),(1006,_binary '\0','A16',12,1),(1007,_binary '\0','A17',12,1),(1008,_binary '\0','A18',12,1),(1009,_binary '\0','A19',12,1),(1010,_binary '\0','A20',12,1),(1011,_binary '\0','A21',12,1),(1012,_binary '\0','A22',12,1),(1013,_binary '\0','A23',12,1),(1014,_binary '\0','A24',12,1),(1015,_binary '\0','A25',12,1),(1016,_binary '\0','A26',12,1),(1017,_binary '\0','A27',12,1),(1018,_binary '\0','A28',12,1),(1019,_binary '\0','A29',12,1),(1020,_binary '\0','A30',12,1),(1021,_binary '\0','B1',12,2),(1022,_binary '\0','B2',12,2),(1023,_binary '\0','B3',12,2),(1024,_binary '\0','B4',12,2),(1025,_binary '\0','B5',12,2),(1026,_binary '\0','B6',12,2),(1027,_binary '\0','B7',12,2),(1028,_binary '\0','B8',12,2),(1029,_binary '\0','B9',12,2),(1030,_binary '\0','B10',12,2),(1031,_binary '\0','B11',12,2),(1032,_binary '\0','B12',12,2),(1033,_binary '\0','B13',12,2),(1034,_binary '\0','B14',12,2),(1035,_binary '\0','B15',12,2),(1036,_binary '\0','B16',12,2),(1037,_binary '\0','B17',12,2),(1038,_binary '\0','B18',12,2),(1039,_binary '\0','B19',12,2),(1040,_binary '\0','B20',12,2),(1041,_binary '\0','B21',12,2),(1042,_binary '\0','B22',12,2),(1043,_binary '\0','B23',12,2),(1044,_binary '\0','B24',12,2),(1045,_binary '\0','B25',12,2),(1046,_binary '\0','B26',12,2),(1047,_binary '\0','B27',12,2),(1048,_binary '\0','B28',12,2),(1049,_binary '\0','B29',12,2),(1050,_binary '\0','B30',12,2),(1051,_binary '\0','C1',12,3),(1052,_binary '\0','C2',12,3),(1053,_binary '\0','C3',12,3),(1054,_binary '\0','C4',12,3),(1055,_binary '\0','C5',12,3),(1056,_binary '\0','C6',12,3),(1057,_binary '\0','C7',12,3),(1058,_binary '\0','C8',12,3),(1059,_binary '\0','C9',12,3),(1060,_binary '\0','C10',12,3),(1061,_binary '\0','C11',12,3),(1062,_binary '\0','C12',12,3),(1063,_binary '\0','C13',12,3),(1064,_binary '\0','C14',12,3),(1065,_binary '\0','C15',12,3),(1066,_binary '\0','C16',12,3),(1067,_binary '\0','C17',12,3),(1068,_binary '\0','C18',12,3),(1069,_binary '\0','C19',12,3),(1070,_binary '\0','C20',12,3),(1071,_binary '\0','C21',12,3),(1072,_binary '\0','C22',12,3),(1073,_binary '\0','C23',12,3),(1074,_binary '\0','C24',12,3),(1075,_binary '\0','C25',12,3),(1076,_binary '\0','C26',12,3),(1077,_binary '\0','C27',12,3),(1078,_binary '\0','C28',12,3),(1079,_binary '\0','C29',12,3),(1080,_binary '\0','C30',12,3),(1081,_binary '\0','A1',13,1),(1082,_binary '\0','A2',13,1),(1083,_binary '\0','A3',13,1),(1084,_binary '\0','A4',13,1),(1085,_binary '\0','A5',13,1),(1086,_binary '\0','A6',13,1),(1087,_binary '\0','A7',13,1),(1088,_binary '\0','A8',13,1),(1089,_binary '\0','A9',13,1),(1090,_binary '\0','A10',13,1),(1091,_binary '\0','A11',13,1),(1092,_binary '\0','A12',13,1),(1093,_binary '\0','A13',13,1),(1094,_binary '\0','A14',13,1),(1095,_binary '\0','A15',13,1),(1096,_binary '\0','A16',13,1),(1097,_binary '\0','A17',13,1),(1098,_binary '\0','A18',13,1),(1099,_binary '\0','A19',13,1),(1100,_binary '\0','A20',13,1),(1101,_binary '\0','A21',13,1),(1102,_binary '\0','A22',13,1),(1103,_binary '\0','A23',13,1),(1104,_binary '\0','A24',13,1),(1105,_binary '\0','A25',13,1),(1106,_binary '\0','A26',13,1),(1107,_binary '\0','A27',13,1),(1108,_binary '\0','A28',13,1),(1109,_binary '\0','A29',13,1),(1110,_binary '\0','A30',13,1),(1111,_binary '\0','B1',13,2),(1112,_binary '\0','B2',13,2),(1113,_binary '\0','B3',13,2),(1114,_binary '\0','B4',13,2),(1115,_binary '\0','B5',13,2),(1116,_binary '\0','B6',13,2),(1117,_binary '\0','B7',13,2),(1118,_binary '\0','B8',13,2),(1119,_binary '\0','B9',13,2),(1120,_binary '\0','B10',13,2),(1121,_binary '\0','B11',13,2),(1122,_binary '\0','B12',13,2),(1123,_binary '\0','B13',13,2),(1124,_binary '\0','B14',13,2),(1125,_binary '\0','B15',13,2),(1126,_binary '\0','B16',13,2),(1127,_binary '\0','B17',13,2),(1128,_binary '\0','B18',13,2),(1129,_binary '\0','B19',13,2),(1130,_binary '\0','B20',13,2),(1131,_binary '\0','B21',13,2),(1132,_binary '\0','B22',13,2),(1133,_binary '\0','B23',13,2),(1134,_binary '\0','B24',13,2),(1135,_binary '\0','B25',13,2),(1136,_binary '\0','B26',13,2),(1137,_binary '\0','B27',13,2),(1138,_binary '\0','B28',13,2),(1139,_binary '\0','B29',13,2),(1140,_binary '\0','B30',13,2),(1141,_binary '\0','C1',13,3),(1142,_binary '\0','C2',13,3),(1143,_binary '\0','C3',13,3),(1144,_binary '\0','C4',13,3),(1145,_binary '\0','C5',13,3),(1146,_binary '\0','C6',13,3),(1147,_binary '\0','C7',13,3),(1148,_binary '\0','C8',13,3),(1149,_binary '\0','C9',13,3),(1150,_binary '\0','C10',13,3),(1151,_binary '\0','C11',13,3),(1152,_binary '\0','C12',13,3),(1153,_binary '\0','C13',13,3),(1154,_binary '\0','C14',13,3),(1155,_binary '\0','C15',13,3),(1156,_binary '\0','C16',13,3),(1157,_binary '\0','C17',13,3),(1158,_binary '\0','C18',13,3),(1159,_binary '\0','C19',13,3),(1160,_binary '\0','C20',13,3),(1161,_binary '\0','C21',13,3),(1162,_binary '\0','C22',13,3),(1163,_binary '\0','C23',13,3),(1164,_binary '\0','C24',13,3),(1165,_binary '\0','C25',13,3),(1166,_binary '\0','C26',13,3),(1167,_binary '\0','C27',13,3),(1168,_binary '\0','C28',13,3),(1169,_binary '\0','C29',13,3),(1170,_binary '\0','C30',13,3),(1171,_binary '\0','A1',14,1),(1172,_binary '\0','A2',14,1),(1173,_binary '\0','A3',14,1),(1174,_binary '\0','A4',14,1),(1175,_binary '\0','A5',14,1),(1176,_binary '\0','A6',14,1),(1177,_binary '\0','A7',14,1),(1178,_binary '\0','A8',14,1),(1179,_binary '\0','A9',14,1),(1180,_binary '\0','A10',14,1),(1181,_binary '\0','A11',14,1),(1182,_binary '\0','A12',14,1),(1183,_binary '\0','A13',14,1),(1184,_binary '\0','A14',14,1),(1185,_binary '\0','A15',14,1),(1186,_binary '\0','A16',14,1),(1187,_binary '\0','A17',14,1),(1188,_binary '\0','A18',14,1),(1189,_binary '\0','A19',14,1),(1190,_binary '\0','A20',14,1),(1191,_binary '\0','A21',14,1),(1192,_binary '\0','A22',14,1),(1193,_binary '\0','A23',14,1),(1194,_binary '\0','A24',14,1),(1195,_binary '\0','A25',14,1),(1196,_binary '\0','A26',14,1),(1197,_binary '\0','A27',14,1),(1198,_binary '\0','A28',14,1),(1199,_binary '\0','A29',14,1),(1200,_binary '\0','A30',14,1),(1201,_binary '\0','B1',14,2),(1202,_binary '\0','B2',14,2),(1203,_binary '\0','B3',14,2),(1204,_binary '\0','B4',14,2),(1205,_binary '\0','B5',14,2),(1206,_binary '\0','B6',14,2),(1207,_binary '\0','B7',14,2),(1208,_binary '\0','B8',14,2),(1209,_binary '\0','B9',14,2),(1210,_binary '\0','B10',14,2),(1211,_binary '\0','B11',14,2),(1212,_binary '\0','B12',14,2),(1213,_binary '\0','B13',14,2),(1214,_binary '\0','B14',14,2),(1215,_binary '\0','B15',14,2),(1216,_binary '\0','B16',14,2),(1217,_binary '\0','B17',14,2),(1218,_binary '\0','B18',14,2),(1219,_binary '\0','B19',14,2),(1220,_binary '\0','B20',14,2),(1221,_binary '\0','B21',14,2),(1222,_binary '\0','B22',14,2),(1223,_binary '\0','B23',14,2),(1224,_binary '\0','B24',14,2),(1225,_binary '\0','B25',14,2),(1226,_binary '\0','B26',14,2),(1227,_binary '\0','B27',14,2),(1228,_binary '\0','B28',14,2),(1229,_binary '\0','B29',14,2),(1230,_binary '\0','B30',14,2),(1231,_binary '\0','C1',14,3),(1232,_binary '\0','C2',14,3),(1233,_binary '\0','C3',14,3),(1234,_binary '\0','C4',14,3),(1235,_binary '\0','C5',14,3),(1236,_binary '\0','C6',14,3),(1237,_binary '\0','C7',14,3),(1238,_binary '\0','C8',14,3),(1239,_binary '\0','C9',14,3),(1240,_binary '\0','C10',14,3),(1241,_binary '\0','C11',14,3),(1242,_binary '\0','C12',14,3),(1243,_binary '\0','C13',14,3),(1244,_binary '\0','C14',14,3),(1245,_binary '\0','C15',14,3),(1246,_binary '\0','C16',14,3),(1247,_binary '\0','C17',14,3),(1248,_binary '\0','C18',14,3),(1249,_binary '\0','C19',14,3),(1250,_binary '\0','C20',14,3),(1251,_binary '\0','C21',14,3),(1252,_binary '\0','C22',14,3),(1253,_binary '\0','C23',14,3),(1254,_binary '\0','C24',14,3),(1255,_binary '\0','C25',14,3),(1256,_binary '\0','C26',14,3),(1257,_binary '\0','C27',14,3),(1258,_binary '\0','C28',14,3),(1259,_binary '\0','C29',14,3),(1260,_binary '\0','C30',14,3),(1261,_binary '\0','A1',15,1),(1262,_binary '\0','A2',15,1),(1263,_binary '\0','A3',15,1),(1264,_binary '\0','A4',15,1),(1265,_binary '\0','A5',15,1),(1266,_binary '\0','A6',15,1),(1267,_binary '\0','A7',15,1),(1268,_binary '\0','A8',15,1),(1269,_binary '\0','A9',15,1),(1270,_binary '\0','A10',15,1),(1271,_binary '\0','A11',15,1),(1272,_binary '\0','A12',15,1),(1273,_binary '\0','A13',15,1),(1274,_binary '\0','A14',15,1),(1275,_binary '\0','A15',15,1),(1276,_binary '\0','A16',15,1),(1277,_binary '\0','A17',15,1),(1278,_binary '\0','A18',15,1),(1279,_binary '\0','A19',15,1),(1280,_binary '\0','A20',15,1),(1281,_binary '\0','A21',15,1),(1282,_binary '\0','A22',15,1),(1283,_binary '\0','A23',15,1),(1284,_binary '\0','A24',15,1),(1285,_binary '\0','A25',15,1),(1286,_binary '\0','A26',15,1),(1287,_binary '\0','A27',15,1),(1288,_binary '\0','A28',15,1),(1289,_binary '\0','A29',15,1),(1290,_binary '\0','A30',15,1),(1291,_binary '\0','B1',15,2),(1292,_binary '\0','B2',15,2),(1293,_binary '\0','B3',15,2),(1294,_binary '\0','B4',15,2),(1295,_binary '\0','B5',15,2),(1296,_binary '\0','B6',15,2),(1297,_binary '\0','B7',15,2),(1298,_binary '\0','B8',15,2),(1299,_binary '\0','B9',15,2),(1300,_binary '\0','B10',15,2),(1301,_binary '\0','B11',15,2),(1302,_binary '\0','B12',15,2),(1303,_binary '\0','B13',15,2),(1304,_binary '\0','B14',15,2),(1305,_binary '\0','B15',15,2),(1306,_binary '\0','B16',15,2),(1307,_binary '\0','B17',15,2),(1308,_binary '\0','B18',15,2),(1309,_binary '\0','B19',15,2),(1310,_binary '\0','B20',15,2),(1311,_binary '\0','B21',15,2),(1312,_binary '\0','B22',15,2),(1313,_binary '\0','B23',15,2),(1314,_binary '\0','B24',15,2),(1315,_binary '\0','B25',15,2),(1316,_binary '\0','B26',15,2),(1317,_binary '\0','B27',15,2),(1318,_binary '\0','B28',15,2),(1319,_binary '\0','B29',15,2),(1320,_binary '\0','B30',15,2),(1321,_binary '\0','C1',15,3),(1322,_binary '\0','C2',15,3),(1323,_binary '\0','C3',15,3),(1324,_binary '\0','C4',15,3),(1325,_binary '\0','C5',15,3),(1326,_binary '\0','C6',15,3),(1327,_binary '\0','C7',15,3),(1328,_binary '\0','C8',15,3),(1329,_binary '\0','C9',15,3),(1330,_binary '\0','C10',15,3),(1331,_binary '\0','C11',15,3),(1332,_binary '\0','C12',15,3),(1333,_binary '\0','C13',15,3),(1334,_binary '\0','C14',15,3),(1335,_binary '\0','C15',15,3),(1336,_binary '\0','C16',15,3),(1337,_binary '\0','C17',15,3),(1338,_binary '\0','C18',15,3),(1339,_binary '\0','C19',15,3),(1340,_binary '\0','C20',15,3),(1341,_binary '\0','C21',15,3),(1342,_binary '\0','C22',15,3),(1343,_binary '\0','C23',15,3),(1344,_binary '\0','C24',15,3),(1345,_binary '\0','C25',15,3),(1346,_binary '\0','C26',15,3),(1347,_binary '\0','C27',15,3),(1348,_binary '\0','C28',15,3),(1349,_binary '\0','C29',15,3),(1350,_binary '\0','C30',15,3),(1351,_binary '\0','A1',16,1),(1352,_binary '\0','A2',16,1),(1353,_binary '\0','A3',16,1),(1354,_binary '\0','A4',16,1),(1355,_binary '\0','A5',16,1),(1356,_binary '\0','A6',16,1),(1357,_binary '\0','A7',16,1),(1358,_binary '\0','A8',16,1),(1359,_binary '\0','A9',16,1),(1360,_binary '\0','A10',16,1),(1361,_binary '\0','A11',16,1),(1362,_binary '\0','A12',16,1),(1363,_binary '\0','A13',16,1),(1364,_binary '\0','A14',16,1),(1365,_binary '\0','A15',16,1),(1366,_binary '\0','A16',16,1),(1367,_binary '\0','A17',16,1),(1368,_binary '\0','A18',16,1),(1369,_binary '\0','A19',16,1),(1370,_binary '\0','A20',16,1),(1371,_binary '\0','A21',16,1),(1372,_binary '\0','A22',16,1),(1373,_binary '\0','A23',16,1),(1374,_binary '\0','A24',16,1),(1375,_binary '\0','A25',16,1),(1376,_binary '\0','A26',16,1),(1377,_binary '\0','A27',16,1),(1378,_binary '\0','A28',16,1),(1379,_binary '\0','A29',16,1),(1380,_binary '\0','A30',16,1),(1381,_binary '\0','B1',16,2),(1382,_binary '\0','B2',16,2),(1383,_binary '\0','B3',16,2),(1384,_binary '\0','B4',16,2),(1385,_binary '\0','B5',16,2),(1386,_binary '\0','B6',16,2),(1387,_binary '\0','B7',16,2),(1388,_binary '\0','B8',16,2),(1389,_binary '\0','B9',16,2),(1390,_binary '\0','B10',16,2),(1391,_binary '\0','B11',16,2),(1392,_binary '\0','B12',16,2),(1393,_binary '\0','B13',16,2),(1394,_binary '\0','B14',16,2),(1395,_binary '\0','B15',16,2),(1396,_binary '\0','B16',16,2),(1397,_binary '\0','B17',16,2),(1398,_binary '\0','B18',16,2),(1399,_binary '\0','B19',16,2),(1400,_binary '\0','B20',16,2),(1401,_binary '\0','B21',16,2),(1402,_binary '\0','B22',16,2),(1403,_binary '\0','B23',16,2),(1404,_binary '\0','B24',16,2),(1405,_binary '\0','B25',16,2),(1406,_binary '\0','B26',16,2),(1407,_binary '\0','B27',16,2),(1408,_binary '\0','B28',16,2),(1409,_binary '\0','B29',16,2),(1410,_binary '\0','B30',16,2),(1411,_binary '\0','C1',16,3),(1412,_binary '\0','C2',16,3),(1413,_binary '\0','C3',16,3),(1414,_binary '\0','C4',16,3),(1415,_binary '\0','C5',16,3),(1416,_binary '\0','C6',16,3),(1417,_binary '\0','C7',16,3),(1418,_binary '\0','C8',16,3),(1419,_binary '\0','C9',16,3),(1420,_binary '\0','C10',16,3),(1421,_binary '\0','C11',16,3),(1422,_binary '\0','C12',16,3),(1423,_binary '\0','C13',16,3),(1424,_binary '\0','C14',16,3),(1425,_binary '\0','C15',16,3),(1426,_binary '\0','C16',16,3),(1427,_binary '\0','C17',16,3),(1428,_binary '\0','C18',16,3),(1429,_binary '\0','C19',16,3),(1430,_binary '\0','C20',16,3),(1431,_binary '\0','C21',16,3),(1432,_binary '\0','C22',16,3),(1433,_binary '\0','C23',16,3),(1434,_binary '\0','C24',16,3),(1435,_binary '\0','C25',16,3),(1436,_binary '\0','C26',16,3),(1437,_binary '\0','C27',16,3),(1438,_binary '\0','C28',16,3),(1439,_binary '\0','C29',16,3),(1440,_binary '\0','C30',16,3),(1441,_binary '\0','A1',17,1),(1442,_binary '\0','A2',17,1),(1443,_binary '\0','A3',17,1),(1444,_binary '\0','A4',17,1),(1445,_binary '\0','A5',17,1),(1446,_binary '\0','A6',17,1),(1447,_binary '\0','A7',17,1),(1448,_binary '\0','A8',17,1),(1449,_binary '\0','A9',17,1),(1450,_binary '\0','A10',17,1),(1451,_binary '\0','A11',17,1),(1452,_binary '\0','A12',17,1),(1453,_binary '\0','A13',17,1),(1454,_binary '\0','A14',17,1),(1455,_binary '\0','A15',17,1),(1456,_binary '\0','A16',17,1),(1457,_binary '\0','A17',17,1),(1458,_binary '\0','A18',17,1),(1459,_binary '\0','A19',17,1),(1460,_binary '\0','A20',17,1),(1461,_binary '\0','A21',17,1),(1462,_binary '\0','A22',17,1),(1463,_binary '\0','A23',17,1),(1464,_binary '\0','A24',17,1),(1465,_binary '\0','A25',17,1),(1466,_binary '\0','A26',17,1),(1467,_binary '\0','A27',17,1),(1468,_binary '\0','A28',17,1),(1469,_binary '\0','A29',17,1),(1470,_binary '\0','A30',17,1),(1471,_binary '\0','B1',17,2),(1472,_binary '\0','B2',17,2),(1473,_binary '\0','B3',17,2),(1474,_binary '\0','B4',17,2),(1475,_binary '\0','B5',17,2),(1476,_binary '\0','B6',17,2),(1477,_binary '\0','B7',17,2),(1478,_binary '\0','B8',17,2),(1479,_binary '\0','B9',17,2),(1480,_binary '\0','B10',17,2),(1481,_binary '\0','B11',17,2),(1482,_binary '\0','B12',17,2),(1483,_binary '\0','B13',17,2),(1484,_binary '\0','B14',17,2),(1485,_binary '\0','B15',17,2),(1486,_binary '\0','B16',17,2),(1487,_binary '\0','B17',17,2),(1488,_binary '\0','B18',17,2),(1489,_binary '\0','B19',17,2),(1490,_binary '\0','B20',17,2),(1491,_binary '\0','B21',17,2),(1492,_binary '\0','B22',17,2),(1493,_binary '\0','B23',17,2),(1494,_binary '\0','B24',17,2),(1495,_binary '\0','B25',17,2),(1496,_binary '\0','B26',17,2),(1497,_binary '\0','B27',17,2),(1498,_binary '\0','B28',17,2),(1499,_binary '\0','B29',17,2),(1500,_binary '\0','B30',17,2),(1501,_binary '\0','C1',17,3),(1502,_binary '\0','C2',17,3),(1503,_binary '\0','C3',17,3),(1504,_binary '\0','C4',17,3),(1505,_binary '\0','C5',17,3),(1506,_binary '\0','C6',17,3),(1507,_binary '\0','C7',17,3),(1508,_binary '\0','C8',17,3),(1509,_binary '\0','C9',17,3),(1510,_binary '\0','C10',17,3),(1511,_binary '\0','C11',17,3),(1512,_binary '\0','C12',17,3),(1513,_binary '\0','C13',17,3),(1514,_binary '\0','C14',17,3),(1515,_binary '\0','C15',17,3),(1516,_binary '\0','C16',17,3),(1517,_binary '\0','C17',17,3),(1518,_binary '\0','C18',17,3),(1519,_binary '\0','C19',17,3),(1520,_binary '\0','C20',17,3),(1521,_binary '\0','C21',17,3),(1522,_binary '\0','C22',17,3),(1523,_binary '\0','C23',17,3),(1524,_binary '\0','C24',17,3),(1525,_binary '\0','C25',17,3),(1526,_binary '\0','C26',17,3),(1527,_binary '\0','C27',17,3),(1528,_binary '\0','C28',17,3),(1529,_binary '\0','C29',17,3),(1530,_binary '\0','C30',17,3),(1531,_binary '\0','A1',18,1),(1532,_binary '\0','A2',18,1),(1533,_binary '\0','A3',18,1),(1534,_binary '\0','A4',18,1),(1535,_binary '\0','A5',18,1),(1536,_binary '\0','A6',18,1),(1537,_binary '\0','A7',18,1),(1538,_binary '\0','A8',18,1),(1539,_binary '\0','A9',18,1),(1540,_binary '\0','A10',18,1),(1541,_binary '\0','A11',18,1),(1542,_binary '\0','A12',18,1),(1543,_binary '\0','A13',18,1),(1544,_binary '\0','A14',18,1),(1545,_binary '\0','A15',18,1),(1546,_binary '\0','A16',18,1),(1547,_binary '\0','A17',18,1),(1548,_binary '\0','A18',18,1),(1549,_binary '\0','A19',18,1),(1550,_binary '\0','A20',18,1),(1551,_binary '\0','A21',18,1),(1552,_binary '\0','A22',18,1),(1553,_binary '\0','A23',18,1),(1554,_binary '\0','A24',18,1),(1555,_binary '\0','A25',18,1),(1556,_binary '\0','A26',18,1),(1557,_binary '\0','A27',18,1),(1558,_binary '\0','A28',18,1),(1559,_binary '\0','A29',18,1),(1560,_binary '\0','A30',18,1),(1561,_binary '\0','B1',18,2),(1562,_binary '\0','B2',18,2),(1563,_binary '\0','B3',18,2),(1564,_binary '\0','B4',18,2),(1565,_binary '\0','B5',18,2),(1566,_binary '\0','B6',18,2),(1567,_binary '\0','B7',18,2),(1568,_binary '\0','B8',18,2),(1569,_binary '\0','B9',18,2),(1570,_binary '\0','B10',18,2),(1571,_binary '\0','B11',18,2),(1572,_binary '\0','B12',18,2),(1573,_binary '\0','B13',18,2),(1574,_binary '\0','B14',18,2),(1575,_binary '\0','B15',18,2),(1576,_binary '\0','B16',18,2),(1577,_binary '\0','B17',18,2),(1578,_binary '\0','B18',18,2),(1579,_binary '\0','B19',18,2),(1580,_binary '\0','B20',18,2),(1581,_binary '\0','B21',18,2),(1582,_binary '\0','B22',18,2),(1583,_binary '\0','B23',18,2),(1584,_binary '\0','B24',18,2),(1585,_binary '\0','B25',18,2),(1586,_binary '\0','B26',18,2),(1587,_binary '\0','B27',18,2),(1588,_binary '\0','B28',18,2),(1589,_binary '\0','B29',18,2),(1590,_binary '\0','B30',18,2),(1591,_binary '\0','C1',18,3),(1592,_binary '\0','C2',18,3),(1593,_binary '\0','C3',18,3),(1594,_binary '\0','C4',18,3),(1595,_binary '\0','C5',18,3),(1596,_binary '\0','C6',18,3),(1597,_binary '\0','C7',18,3),(1598,_binary '\0','C8',18,3),(1599,_binary '\0','C9',18,3),(1600,_binary '\0','C10',18,3),(1601,_binary '\0','C11',18,3),(1602,_binary '\0','C12',18,3),(1603,_binary '\0','C13',18,3),(1604,_binary '\0','C14',18,3),(1605,_binary '\0','C15',18,3),(1606,_binary '\0','C16',18,3),(1607,_binary '\0','C17',18,3),(1608,_binary '\0','C18',18,3),(1609,_binary '\0','C19',18,3),(1610,_binary '\0','C20',18,3),(1611,_binary '\0','C21',18,3),(1612,_binary '\0','C22',18,3),(1613,_binary '\0','C23',18,3),(1614,_binary '\0','C24',18,3),(1615,_binary '\0','C25',18,3),(1616,_binary '\0','C26',18,3),(1617,_binary '\0','C27',18,3),(1618,_binary '\0','C28',18,3),(1619,_binary '\0','C29',18,3),(1620,_binary '\0','C30',18,3),(1621,_binary '\0','A1',19,1),(1622,_binary '\0','A2',19,1),(1623,_binary '\0','A3',19,1),(1624,_binary '\0','A4',19,1),(1625,_binary '\0','A5',19,1),(1626,_binary '\0','A6',19,1),(1627,_binary '\0','A7',19,1),(1628,_binary '\0','A8',19,1),(1629,_binary '\0','A9',19,1),(1630,_binary '\0','A10',19,1),(1631,_binary '\0','A11',19,1),(1632,_binary '\0','A12',19,1),(1633,_binary '\0','A13',19,1),(1634,_binary '\0','A14',19,1),(1635,_binary '\0','A15',19,1),(1636,_binary '\0','A16',19,1),(1637,_binary '\0','A17',19,1),(1638,_binary '\0','A18',19,1),(1639,_binary '\0','A19',19,1),(1640,_binary '\0','A20',19,1),(1641,_binary '\0','A21',19,1),(1642,_binary '\0','A22',19,1),(1643,_binary '\0','A23',19,1),(1644,_binary '\0','A24',19,1),(1645,_binary '\0','A25',19,1),(1646,_binary '\0','A26',19,1),(1647,_binary '\0','A27',19,1),(1648,_binary '\0','A28',19,1),(1649,_binary '\0','A29',19,1),(1650,_binary '\0','A30',19,1),(1651,_binary '\0','B1',19,2),(1652,_binary '\0','B2',19,2),(1653,_binary '\0','B3',19,2),(1654,_binary '\0','B4',19,2),(1655,_binary '\0','B5',19,2),(1656,_binary '\0','B6',19,2),(1657,_binary '\0','B7',19,2),(1658,_binary '\0','B8',19,2),(1659,_binary '\0','B9',19,2),(1660,_binary '\0','B10',19,2),(1661,_binary '\0','B11',19,2),(1662,_binary '\0','B12',19,2),(1663,_binary '\0','B13',19,2),(1664,_binary '\0','B14',19,2),(1665,_binary '\0','B15',19,2),(1666,_binary '\0','B16',19,2),(1667,_binary '\0','B17',19,2),(1668,_binary '\0','B18',19,2),(1669,_binary '\0','B19',19,2),(1670,_binary '\0','B20',19,2),(1671,_binary '\0','B21',19,2),(1672,_binary '\0','B22',19,2),(1673,_binary '\0','B23',19,2),(1674,_binary '\0','B24',19,2),(1675,_binary '\0','B25',19,2),(1676,_binary '\0','B26',19,2),(1677,_binary '\0','B27',19,2),(1678,_binary '\0','B28',19,2),(1679,_binary '\0','B29',19,2),(1680,_binary '\0','B30',19,2),(1681,_binary '\0','C1',19,3),(1682,_binary '\0','C2',19,3),(1683,_binary '\0','C3',19,3),(1684,_binary '\0','C4',19,3),(1685,_binary '\0','C5',19,3),(1686,_binary '\0','C6',19,3),(1687,_binary '\0','C7',19,3),(1688,_binary '\0','C8',19,3),(1689,_binary '\0','C9',19,3),(1690,_binary '\0','C10',19,3),(1691,_binary '\0','C11',19,3),(1692,_binary '\0','C12',19,3),(1693,_binary '\0','C13',19,3),(1694,_binary '\0','C14',19,3),(1695,_binary '\0','C15',19,3),(1696,_binary '\0','C16',19,3),(1697,_binary '\0','C17',19,3),(1698,_binary '\0','C18',19,3),(1699,_binary '\0','C19',19,3),(1700,_binary '\0','C20',19,3),(1701,_binary '\0','C21',19,3),(1702,_binary '\0','C22',19,3),(1703,_binary '\0','C23',19,3),(1704,_binary '\0','C24',19,3),(1705,_binary '\0','C25',19,3),(1706,_binary '\0','C26',19,3),(1707,_binary '\0','C27',19,3),(1708,_binary '\0','C28',19,3),(1709,_binary '\0','C29',19,3),(1710,_binary '\0','C30',19,3),(1711,_binary '\0','A1',20,1),(1712,_binary '\0','A2',20,1),(1713,_binary '\0','A3',20,1),(1714,_binary '\0','A4',20,1),(1715,_binary '\0','A5',20,1),(1716,_binary '\0','A6',20,1),(1717,_binary '\0','A7',20,1),(1718,_binary '\0','A8',20,1),(1719,_binary '\0','A9',20,1),(1720,_binary '\0','A10',20,1),(1721,_binary '\0','A11',20,1),(1722,_binary '\0','A12',20,1),(1723,_binary '\0','A13',20,1),(1724,_binary '\0','A14',20,1),(1725,_binary '\0','A15',20,1),(1726,_binary '\0','A16',20,1),(1727,_binary '\0','A17',20,1),(1728,_binary '\0','A18',20,1),(1729,_binary '\0','A19',20,1),(1730,_binary '\0','A20',20,1),(1731,_binary '\0','A21',20,1),(1732,_binary '\0','A22',20,1),(1733,_binary '\0','A23',20,1),(1734,_binary '\0','A24',20,1),(1735,_binary '\0','A25',20,1),(1736,_binary '\0','A26',20,1),(1737,_binary '\0','A27',20,1),(1738,_binary '\0','A28',20,1),(1739,_binary '\0','A29',20,1),(1740,_binary '\0','A30',20,1),(1741,_binary '\0','B1',20,2),(1742,_binary '\0','B2',20,2),(1743,_binary '\0','B3',20,2),(1744,_binary '\0','B4',20,2),(1745,_binary '\0','B5',20,2),(1746,_binary '\0','B6',20,2),(1747,_binary '\0','B7',20,2),(1748,_binary '\0','B8',20,2),(1749,_binary '\0','B9',20,2),(1750,_binary '\0','B10',20,2),(1751,_binary '\0','B11',20,2),(1752,_binary '\0','B12',20,2),(1753,_binary '\0','B13',20,2),(1754,_binary '\0','B14',20,2),(1755,_binary '\0','B15',20,2),(1756,_binary '\0','B16',20,2),(1757,_binary '\0','B17',20,2),(1758,_binary '\0','B18',20,2),(1759,_binary '\0','B19',20,2),(1760,_binary '\0','B20',20,2),(1761,_binary '\0','B21',20,2),(1762,_binary '\0','B22',20,2),(1763,_binary '\0','B23',20,2),(1764,_binary '\0','B24',20,2),(1765,_binary '\0','B25',20,2),(1766,_binary '\0','B26',20,2),(1767,_binary '\0','B27',20,2),(1768,_binary '\0','B28',20,2),(1769,_binary '\0','B29',20,2),(1770,_binary '\0','B30',20,2),(1771,_binary '\0','C1',20,3),(1772,_binary '\0','C2',20,3),(1773,_binary '\0','C3',20,3),(1774,_binary '\0','C4',20,3),(1775,_binary '\0','C5',20,3),(1776,_binary '\0','C6',20,3),(1777,_binary '\0','C7',20,3),(1778,_binary '\0','C8',20,3),(1779,_binary '\0','C9',20,3),(1780,_binary '\0','C10',20,3),(1781,_binary '\0','C11',20,3),(1782,_binary '\0','C12',20,3),(1783,_binary '\0','C13',20,3),(1784,_binary '\0','C14',20,3),(1785,_binary '\0','C15',20,3),(1786,_binary '\0','C16',20,3),(1787,_binary '\0','C17',20,3),(1788,_binary '\0','C18',20,3),(1789,_binary '\0','C19',20,3),(1790,_binary '\0','C20',20,3),(1791,_binary '\0','C21',20,3),(1792,_binary '\0','C22',20,3),(1793,_binary '\0','C23',20,3),(1794,_binary '\0','C24',20,3),(1795,_binary '\0','C25',20,3),(1796,_binary '\0','C26',20,3),(1797,_binary '\0','C27',20,3),(1798,_binary '\0','C28',20,3),(1799,_binary '\0','C29',20,3),(1800,_binary '\0','C30',20,3),(1801,_binary '\0','A1',21,1),(1802,_binary '\0','A2',21,1),(1803,_binary '\0','A3',21,1),(1804,_binary '\0','A4',21,1),(1805,_binary '\0','A5',21,1),(1806,_binary '\0','A6',21,1),(1807,_binary '\0','A7',21,1),(1808,_binary '\0','A8',21,1),(1809,_binary '\0','A9',21,1),(1810,_binary '\0','A10',21,1),(1811,_binary '\0','A11',21,1),(1812,_binary '\0','A12',21,1),(1813,_binary '\0','A13',21,1),(1814,_binary '\0','A14',21,1),(1815,_binary '\0','A15',21,1),(1816,_binary '\0','A16',21,1),(1817,_binary '\0','A17',21,1),(1818,_binary '\0','A18',21,1),(1819,_binary '\0','A19',21,1),(1820,_binary '\0','A20',21,1),(1821,_binary '\0','A21',21,1),(1822,_binary '\0','A22',21,1),(1823,_binary '\0','A23',21,1),(1824,_binary '\0','A24',21,1),(1825,_binary '\0','A25',21,1),(1826,_binary '\0','A26',21,1),(1827,_binary '\0','A27',21,1),(1828,_binary '\0','A28',21,1),(1829,_binary '\0','A29',21,1),(1830,_binary '\0','A30',21,1),(1831,_binary '\0','B1',21,2),(1832,_binary '\0','B2',21,2),(1833,_binary '\0','B3',21,2),(1834,_binary '\0','B4',21,2),(1835,_binary '\0','B5',21,2),(1836,_binary '\0','B6',21,2),(1837,_binary '\0','B7',21,2),(1838,_binary '\0','B8',21,2),(1839,_binary '\0','B9',21,2),(1840,_binary '\0','B10',21,2),(1841,_binary '\0','B11',21,2),(1842,_binary '\0','B12',21,2),(1843,_binary '\0','B13',21,2),(1844,_binary '\0','B14',21,2),(1845,_binary '\0','B15',21,2),(1846,_binary '\0','B16',21,2),(1847,_binary '\0','B17',21,2),(1848,_binary '\0','B18',21,2),(1849,_binary '\0','B19',21,2),(1850,_binary '\0','B20',21,2),(1851,_binary '\0','B21',21,2),(1852,_binary '\0','B22',21,2),(1853,_binary '\0','B23',21,2),(1854,_binary '\0','B24',21,2),(1855,_binary '\0','B25',21,2),(1856,_binary '\0','B26',21,2),(1857,_binary '\0','B27',21,2),(1858,_binary '\0','B28',21,2),(1859,_binary '\0','B29',21,2),(1860,_binary '\0','B30',21,2),(1861,_binary '\0','C1',21,3),(1862,_binary '\0','C2',21,3),(1863,_binary '\0','C3',21,3),(1864,_binary '\0','C4',21,3),(1865,_binary '\0','C5',21,3),(1866,_binary '\0','C6',21,3),(1867,_binary '\0','C7',21,3),(1868,_binary '\0','C8',21,3),(1869,_binary '\0','C9',21,3),(1870,_binary '\0','C10',21,3),(1871,_binary '\0','C11',21,3),(1872,_binary '\0','C12',21,3),(1873,_binary '\0','C13',21,3),(1874,_binary '\0','C14',21,3),(1875,_binary '\0','C15',21,3),(1876,_binary '\0','C16',21,3),(1877,_binary '\0','C17',21,3),(1878,_binary '\0','C18',21,3),(1879,_binary '\0','C19',21,3),(1880,_binary '\0','C20',21,3),(1881,_binary '\0','C21',21,3),(1882,_binary '\0','C22',21,3),(1883,_binary '\0','C23',21,3),(1884,_binary '\0','C24',21,3),(1885,_binary '\0','C25',21,3),(1886,_binary '\0','C26',21,3),(1887,_binary '\0','C27',21,3),(1888,_binary '\0','C28',21,3),(1889,_binary '\0','C29',21,3),(1890,_binary '\0','C30',21,3),(1891,_binary '\0','A1',22,1),(1892,_binary '\0','A2',22,1),(1893,_binary '\0','A3',22,1),(1894,_binary '\0','A4',22,1),(1895,_binary '\0','A5',22,1),(1896,_binary '\0','A6',22,1),(1897,_binary '\0','A7',22,1),(1898,_binary '\0','A8',22,1),(1899,_binary '\0','A9',22,1),(1900,_binary '\0','A10',22,1),(1901,_binary '\0','A11',22,1),(1902,_binary '\0','A12',22,1),(1903,_binary '\0','A13',22,1),(1904,_binary '\0','A14',22,1),(1905,_binary '\0','A15',22,1),(1906,_binary '\0','A16',22,1),(1907,_binary '\0','A17',22,1),(1908,_binary '\0','A18',22,1),(1909,_binary '\0','A19',22,1),(1910,_binary '\0','A20',22,1),(1911,_binary '\0','A21',22,1),(1912,_binary '\0','A22',22,1),(1913,_binary '\0','A23',22,1),(1914,_binary '\0','A24',22,1),(1915,_binary '\0','A25',22,1),(1916,_binary '\0','A26',22,1),(1917,_binary '\0','A27',22,1),(1918,_binary '\0','A28',22,1),(1919,_binary '\0','A29',22,1),(1920,_binary '\0','A30',22,1),(1921,_binary '\0','B1',22,2),(1922,_binary '\0','B2',22,2),(1923,_binary '\0','B3',22,2),(1924,_binary '\0','B4',22,2),(1925,_binary '\0','B5',22,2),(1926,_binary '\0','B6',22,2),(1927,_binary '\0','B7',22,2),(1928,_binary '\0','B8',22,2),(1929,_binary '\0','B9',22,2),(1930,_binary '\0','B10',22,2),(1931,_binary '\0','B11',22,2),(1932,_binary '\0','B12',22,2),(1933,_binary '\0','B13',22,2),(1934,_binary '\0','B14',22,2),(1935,_binary '\0','B15',22,2),(1936,_binary '\0','B16',22,2),(1937,_binary '\0','B17',22,2),(1938,_binary '\0','B18',22,2),(1939,_binary '\0','B19',22,2),(1940,_binary '\0','B20',22,2),(1941,_binary '\0','B21',22,2),(1942,_binary '\0','B22',22,2),(1943,_binary '\0','B23',22,2),(1944,_binary '\0','B24',22,2),(1945,_binary '\0','B25',22,2),(1946,_binary '\0','B26',22,2),(1947,_binary '\0','B27',22,2),(1948,_binary '\0','B28',22,2),(1949,_binary '\0','B29',22,2),(1950,_binary '\0','B30',22,2),(1951,_binary '\0','C1',22,3),(1952,_binary '\0','C2',22,3),(1953,_binary '\0','C3',22,3),(1954,_binary '\0','C4',22,3),(1955,_binary '\0','C5',22,3),(1956,_binary '\0','C6',22,3),(1957,_binary '\0','C7',22,3),(1958,_binary '\0','C8',22,3),(1959,_binary '\0','C9',22,3),(1960,_binary '\0','C10',22,3),(1961,_binary '\0','C11',22,3),(1962,_binary '\0','C12',22,3),(1963,_binary '\0','C13',22,3),(1964,_binary '\0','C14',22,3),(1965,_binary '\0','C15',22,3),(1966,_binary '\0','C16',22,3),(1967,_binary '\0','C17',22,3),(1968,_binary '\0','C18',22,3),(1969,_binary '\0','C19',22,3),(1970,_binary '\0','C20',22,3),(1971,_binary '\0','C21',22,3),(1972,_binary '\0','C22',22,3),(1973,_binary '\0','C23',22,3),(1974,_binary '\0','C24',22,3),(1975,_binary '\0','C25',22,3),(1976,_binary '\0','C26',22,3),(1977,_binary '\0','C27',22,3),(1978,_binary '\0','C28',22,3),(1979,_binary '\0','C29',22,3),(1980,_binary '\0','C30',22,3),(1981,_binary '\0','A1',23,1),(1982,_binary '\0','A2',23,1),(1983,_binary '\0','A3',23,1),(1984,_binary '\0','A4',23,1),(1985,_binary '\0','A5',23,1),(1986,_binary '\0','A6',23,1),(1987,_binary '\0','A7',23,1),(1988,_binary '\0','A8',23,1),(1989,_binary '\0','A9',23,1),(1990,_binary '\0','A10',23,1),(1991,_binary '\0','A11',23,1),(1992,_binary '\0','A12',23,1),(1993,_binary '\0','A13',23,1),(1994,_binary '\0','A14',23,1),(1995,_binary '\0','A15',23,1),(1996,_binary '\0','A16',23,1),(1997,_binary '\0','A17',23,1),(1998,_binary '\0','A18',23,1),(1999,_binary '\0','A19',23,1),(2000,_binary '\0','A20',23,1),(2001,_binary '\0','A21',23,1),(2002,_binary '\0','A22',23,1),(2003,_binary '\0','A23',23,1),(2004,_binary '\0','A24',23,1),(2005,_binary '\0','A25',23,1),(2006,_binary '\0','A26',23,1),(2007,_binary '\0','A27',23,1),(2008,_binary '\0','A28',23,1),(2009,_binary '\0','A29',23,1),(2010,_binary '\0','A30',23,1),(2011,_binary '\0','B1',23,2),(2012,_binary '\0','B2',23,2),(2013,_binary '\0','B3',23,2),(2014,_binary '\0','B4',23,2),(2015,_binary '\0','B5',23,2),(2016,_binary '\0','B6',23,2),(2017,_binary '\0','B7',23,2),(2018,_binary '\0','B8',23,2),(2019,_binary '\0','B9',23,2),(2020,_binary '\0','B10',23,2),(2021,_binary '\0','B11',23,2),(2022,_binary '\0','B12',23,2),(2023,_binary '\0','B13',23,2),(2024,_binary '\0','B14',23,2),(2025,_binary '\0','B15',23,2),(2026,_binary '\0','B16',23,2),(2027,_binary '\0','B17',23,2),(2028,_binary '\0','B18',23,2),(2029,_binary '\0','B19',23,2),(2030,_binary '\0','B20',23,2),(2031,_binary '\0','B21',23,2),(2032,_binary '\0','B22',23,2),(2033,_binary '\0','B23',23,2),(2034,_binary '\0','B24',23,2),(2035,_binary '\0','B25',23,2),(2036,_binary '\0','B26',23,2),(2037,_binary '\0','B27',23,2),(2038,_binary '\0','B28',23,2),(2039,_binary '\0','B29',23,2),(2040,_binary '\0','B30',23,2),(2041,_binary '\0','C1',23,3),(2042,_binary '\0','C2',23,3),(2043,_binary '\0','C3',23,3),(2044,_binary '\0','C4',23,3),(2045,_binary '\0','C5',23,3),(2046,_binary '\0','C6',23,3),(2047,_binary '\0','C7',23,3),(2048,_binary '\0','C8',23,3),(2049,_binary '\0','C9',23,3),(2050,_binary '\0','C10',23,3),(2051,_binary '\0','C11',23,3),(2052,_binary '\0','C12',23,3),(2053,_binary '\0','C13',23,3),(2054,_binary '\0','C14',23,3),(2055,_binary '\0','C15',23,3),(2056,_binary '\0','C16',23,3),(2057,_binary '\0','C17',23,3),(2058,_binary '\0','C18',23,3),(2059,_binary '\0','C19',23,3),(2060,_binary '\0','C20',23,3),(2061,_binary '\0','C21',23,3),(2062,_binary '\0','C22',23,3),(2063,_binary '\0','C23',23,3),(2064,_binary '\0','C24',23,3),(2065,_binary '\0','C25',23,3),(2066,_binary '\0','C26',23,3),(2067,_binary '\0','C27',23,3),(2068,_binary '\0','C28',23,3),(2069,_binary '\0','C29',23,3),(2070,_binary '\0','C30',23,3),(2071,_binary '\0','A1',24,1),(2072,_binary '\0','A2',24,1),(2073,_binary '\0','A3',24,1),(2074,_binary '\0','A4',24,1),(2075,_binary '\0','A5',24,1),(2076,_binary '\0','A6',24,1),(2077,_binary '\0','A7',24,1),(2078,_binary '\0','A8',24,1),(2079,_binary '\0','A9',24,1),(2080,_binary '\0','A10',24,1),(2081,_binary '\0','A11',24,1),(2082,_binary '\0','A12',24,1),(2083,_binary '\0','A13',24,1),(2084,_binary '\0','A14',24,1),(2085,_binary '\0','A15',24,1),(2086,_binary '\0','A16',24,1),(2087,_binary '\0','A17',24,1),(2088,_binary '\0','A18',24,1),(2089,_binary '\0','A19',24,1),(2090,_binary '\0','A20',24,1),(2091,_binary '\0','A21',24,1),(2092,_binary '\0','A22',24,1),(2093,_binary '\0','A23',24,1),(2094,_binary '\0','A24',24,1),(2095,_binary '\0','A25',24,1),(2096,_binary '\0','A26',24,1),(2097,_binary '\0','A27',24,1),(2098,_binary '\0','A28',24,1),(2099,_binary '\0','A29',24,1),(2100,_binary '\0','A30',24,1),(2101,_binary '\0','B1',24,2),(2102,_binary '\0','B2',24,2),(2103,_binary '\0','B3',24,2),(2104,_binary '\0','B4',24,2),(2105,_binary '\0','B5',24,2),(2106,_binary '\0','B6',24,2),(2107,_binary '\0','B7',24,2),(2108,_binary '\0','B8',24,2),(2109,_binary '\0','B9',24,2),(2110,_binary '\0','B10',24,2),(2111,_binary '\0','B11',24,2),(2112,_binary '\0','B12',24,2),(2113,_binary '\0','B13',24,2),(2114,_binary '\0','B14',24,2),(2115,_binary '\0','B15',24,2),(2116,_binary '\0','B16',24,2),(2117,_binary '\0','B17',24,2),(2118,_binary '\0','B18',24,2),(2119,_binary '\0','B19',24,2),(2120,_binary '\0','B20',24,2),(2121,_binary '\0','B21',24,2),(2122,_binary '\0','B22',24,2),(2123,_binary '\0','B23',24,2),(2124,_binary '\0','B24',24,2),(2125,_binary '\0','B25',24,2),(2126,_binary '\0','B26',24,2),(2127,_binary '\0','B27',24,2),(2128,_binary '\0','B28',24,2),(2129,_binary '\0','B29',24,2),(2130,_binary '\0','B30',24,2),(2131,_binary '\0','C1',24,3),(2132,_binary '\0','C2',24,3),(2133,_binary '\0','C3',24,3),(2134,_binary '\0','C4',24,3),(2135,_binary '\0','C5',24,3),(2136,_binary '\0','C6',24,3),(2137,_binary '\0','C7',24,3),(2138,_binary '\0','C8',24,3),(2139,_binary '\0','C9',24,3),(2140,_binary '\0','C10',24,3),(2141,_binary '\0','C11',24,3),(2142,_binary '\0','C12',24,3),(2143,_binary '\0','C13',24,3),(2144,_binary '\0','C14',24,3),(2145,_binary '\0','C15',24,3),(2146,_binary '\0','C16',24,3),(2147,_binary '\0','C17',24,3),(2148,_binary '\0','C18',24,3),(2149,_binary '\0','C19',24,3),(2150,_binary '\0','C20',24,3),(2151,_binary '\0','C21',24,3),(2152,_binary '\0','C22',24,3),(2153,_binary '\0','C23',24,3),(2154,_binary '\0','C24',24,3),(2155,_binary '\0','C25',24,3),(2156,_binary '\0','C26',24,3),(2157,_binary '\0','C27',24,3),(2158,_binary '\0','C28',24,3),(2159,_binary '\0','C29',24,3),(2160,_binary '\0','C30',24,3),(2161,_binary '\0','A1',25,1),(2162,_binary '\0','A2',25,1),(2163,_binary '\0','A3',25,1),(2164,_binary '\0','A4',25,1),(2165,_binary '\0','A5',25,1),(2166,_binary '\0','A6',25,1),(2167,_binary '\0','A7',25,1),(2168,_binary '\0','A8',25,1),(2169,_binary '\0','A9',25,1),(2170,_binary '\0','A10',25,1),(2171,_binary '\0','A11',25,1),(2172,_binary '\0','A12',25,1),(2173,_binary '\0','A13',25,1),(2174,_binary '\0','A14',25,1),(2175,_binary '\0','A15',25,1),(2176,_binary '\0','A16',25,1),(2177,_binary '\0','A17',25,1),(2178,_binary '\0','A18',25,1),(2179,_binary '\0','A19',25,1),(2180,_binary '\0','A20',25,1),(2181,_binary '\0','A21',25,1),(2182,_binary '\0','A22',25,1),(2183,_binary '\0','A23',25,1),(2184,_binary '\0','A24',25,1),(2185,_binary '\0','A25',25,1),(2186,_binary '\0','A26',25,1),(2187,_binary '\0','A27',25,1),(2188,_binary '\0','A28',25,1),(2189,_binary '\0','A29',25,1),(2190,_binary '\0','A30',25,1),(2191,_binary '\0','B1',25,2),(2192,_binary '\0','B2',25,2),(2193,_binary '\0','B3',25,2),(2194,_binary '\0','B4',25,2),(2195,_binary '\0','B5',25,2),(2196,_binary '\0','B6',25,2),(2197,_binary '\0','B7',25,2),(2198,_binary '\0','B8',25,2),(2199,_binary '\0','B9',25,2),(2200,_binary '\0','B10',25,2),(2201,_binary '\0','B11',25,2),(2202,_binary '\0','B12',25,2),(2203,_binary '\0','B13',25,2),(2204,_binary '\0','B14',25,2),(2205,_binary '\0','B15',25,2),(2206,_binary '\0','B16',25,2),(2207,_binary '\0','B17',25,2),(2208,_binary '\0','B18',25,2),(2209,_binary '\0','B19',25,2),(2210,_binary '\0','B20',25,2),(2211,_binary '\0','B21',25,2),(2212,_binary '\0','B22',25,2),(2213,_binary '\0','B23',25,2),(2214,_binary '\0','B24',25,2),(2215,_binary '\0','B25',25,2),(2216,_binary '\0','B26',25,2),(2217,_binary '\0','B27',25,2),(2218,_binary '\0','B28',25,2),(2219,_binary '\0','B29',25,2),(2220,_binary '\0','B30',25,2),(2221,_binary '\0','C1',25,3),(2222,_binary '\0','C2',25,3),(2223,_binary '\0','C3',25,3),(2224,_binary '\0','C4',25,3),(2225,_binary '\0','C5',25,3),(2226,_binary '\0','C6',25,3),(2227,_binary '\0','C7',25,3),(2228,_binary '\0','C8',25,3),(2229,_binary '\0','C9',25,3),(2230,_binary '\0','C10',25,3),(2231,_binary '\0','C11',25,3),(2232,_binary '\0','C12',25,3),(2233,_binary '\0','C13',25,3),(2234,_binary '\0','C14',25,3),(2235,_binary '\0','C15',25,3),(2236,_binary '\0','C16',25,3),(2237,_binary '\0','C17',25,3),(2238,_binary '\0','C18',25,3),(2239,_binary '\0','C19',25,3),(2240,_binary '\0','C20',25,3),(2241,_binary '\0','C21',25,3),(2242,_binary '\0','C22',25,3),(2243,_binary '\0','C23',25,3),(2244,_binary '\0','C24',25,3),(2245,_binary '\0','C25',25,3),(2246,_binary '\0','C26',25,3),(2247,_binary '\0','C27',25,3),(2248,_binary '\0','C28',25,3),(2249,_binary '\0','C29',25,3),(2250,_binary '\0','C30',25,3),(2251,_binary '\0','A1',26,1),(2252,_binary '\0','A2',26,1),(2253,_binary '\0','A3',26,1),(2254,_binary '\0','A4',26,1),(2255,_binary '\0','A5',26,1),(2256,_binary '\0','A6',26,1),(2257,_binary '\0','A7',26,1),(2258,_binary '\0','A8',26,1),(2259,_binary '\0','A9',26,1),(2260,_binary '\0','A10',26,1),(2261,_binary '\0','A11',26,1),(2262,_binary '\0','A12',26,1),(2263,_binary '\0','A13',26,1),(2264,_binary '\0','A14',26,1),(2265,_binary '\0','A15',26,1),(2266,_binary '\0','A16',26,1),(2267,_binary '\0','A17',26,1),(2268,_binary '\0','A18',26,1),(2269,_binary '\0','A19',26,1),(2270,_binary '\0','A20',26,1),(2271,_binary '\0','A21',26,1),(2272,_binary '\0','A22',26,1),(2273,_binary '\0','A23',26,1),(2274,_binary '\0','A24',26,1),(2275,_binary '\0','A25',26,1),(2276,_binary '\0','A26',26,1),(2277,_binary '\0','A27',26,1),(2278,_binary '\0','A28',26,1),(2279,_binary '\0','A29',26,1),(2280,_binary '\0','A30',26,1),(2281,_binary '\0','B1',26,2),(2282,_binary '\0','B2',26,2),(2283,_binary '\0','B3',26,2),(2284,_binary '\0','B4',26,2),(2285,_binary '\0','B5',26,2),(2286,_binary '\0','B6',26,2),(2287,_binary '\0','B7',26,2),(2288,_binary '\0','B8',26,2),(2289,_binary '\0','B9',26,2),(2290,_binary '\0','B10',26,2),(2291,_binary '\0','B11',26,2),(2292,_binary '\0','B12',26,2),(2293,_binary '\0','B13',26,2),(2294,_binary '\0','B14',26,2),(2295,_binary '\0','B15',26,2),(2296,_binary '\0','B16',26,2),(2297,_binary '\0','B17',26,2),(2298,_binary '\0','B18',26,2),(2299,_binary '\0','B19',26,2),(2300,_binary '\0','B20',26,2),(2301,_binary '\0','B21',26,2),(2302,_binary '\0','B22',26,2),(2303,_binary '\0','B23',26,2),(2304,_binary '\0','B24',26,2),(2305,_binary '\0','B25',26,2),(2306,_binary '\0','B26',26,2),(2307,_binary '\0','B27',26,2),(2308,_binary '\0','B28',26,2),(2309,_binary '\0','B29',26,2),(2310,_binary '\0','B30',26,2),(2311,_binary '\0','C1',26,3),(2312,_binary '\0','C2',26,3),(2313,_binary '\0','C3',26,3),(2314,_binary '\0','C4',26,3),(2315,_binary '\0','C5',26,3),(2316,_binary '\0','C6',26,3),(2317,_binary '\0','C7',26,3),(2318,_binary '\0','C8',26,3),(2319,_binary '\0','C9',26,3),(2320,_binary '\0','C10',26,3),(2321,_binary '\0','C11',26,3),(2322,_binary '\0','C12',26,3),(2323,_binary '\0','C13',26,3),(2324,_binary '\0','C14',26,3),(2325,_binary '\0','C15',26,3),(2326,_binary '\0','C16',26,3),(2327,_binary '\0','C17',26,3),(2328,_binary '\0','C18',26,3),(2329,_binary '\0','C19',26,3),(2330,_binary '\0','C20',26,3),(2331,_binary '\0','C21',26,3),(2332,_binary '\0','C22',26,3),(2333,_binary '\0','C23',26,3),(2334,_binary '\0','C24',26,3),(2335,_binary '\0','C25',26,3),(2336,_binary '\0','C26',26,3),(2337,_binary '\0','C27',26,3),(2338,_binary '\0','C28',26,3),(2339,_binary '\0','C29',26,3),(2340,_binary '\0','C30',26,3),(2341,_binary '\0','A1',27,1),(2342,_binary '\0','A2',27,1),(2343,_binary '\0','A3',27,1),(2344,_binary '\0','A4',27,1),(2345,_binary '\0','A5',27,1),(2346,_binary '\0','A6',27,1),(2347,_binary '\0','A7',27,1),(2348,_binary '\0','A8',27,1),(2349,_binary '\0','A9',27,1),(2350,_binary '\0','A10',27,1),(2351,_binary '\0','A11',27,1),(2352,_binary '\0','A12',27,1),(2353,_binary '\0','A13',27,1),(2354,_binary '\0','A14',27,1),(2355,_binary '\0','A15',27,1),(2356,_binary '\0','A16',27,1),(2357,_binary '\0','A17',27,1),(2358,_binary '\0','A18',27,1),(2359,_binary '\0','A19',27,1),(2360,_binary '\0','A20',27,1),(2361,_binary '\0','A21',27,1),(2362,_binary '\0','A22',27,1),(2363,_binary '\0','A23',27,1),(2364,_binary '\0','A24',27,1),(2365,_binary '\0','A25',27,1),(2366,_binary '\0','A26',27,1),(2367,_binary '\0','A27',27,1),(2368,_binary '\0','A28',27,1),(2369,_binary '\0','A29',27,1),(2370,_binary '\0','A30',27,1),(2371,_binary '\0','B1',27,2),(2372,_binary '\0','B2',27,2),(2373,_binary '\0','B3',27,2),(2374,_binary '\0','B4',27,2),(2375,_binary '\0','B5',27,2),(2376,_binary '\0','B6',27,2),(2377,_binary '\0','B7',27,2),(2378,_binary '\0','B8',27,2),(2379,_binary '\0','B9',27,2),(2380,_binary '\0','B10',27,2),(2381,_binary '\0','B11',27,2),(2382,_binary '\0','B12',27,2),(2383,_binary '\0','B13',27,2),(2384,_binary '\0','B14',27,2),(2385,_binary '\0','B15',27,2),(2386,_binary '\0','B16',27,2),(2387,_binary '\0','B17',27,2),(2388,_binary '\0','B18',27,2),(2389,_binary '\0','B19',27,2),(2390,_binary '\0','B20',27,2),(2391,_binary '\0','B21',27,2),(2392,_binary '\0','B22',27,2),(2393,_binary '\0','B23',27,2),(2394,_binary '\0','B24',27,2),(2395,_binary '\0','B25',27,2),(2396,_binary '\0','B26',27,2),(2397,_binary '\0','B27',27,2),(2398,_binary '\0','B28',27,2),(2399,_binary '\0','B29',27,2),(2400,_binary '\0','B30',27,2),(2401,_binary '\0','C1',27,3),(2402,_binary '\0','C2',27,3),(2403,_binary '\0','C3',27,3),(2404,_binary '\0','C4',27,3),(2405,_binary '\0','C5',27,3),(2406,_binary '\0','C6',27,3),(2407,_binary '\0','C7',27,3),(2408,_binary '\0','C8',27,3),(2409,_binary '\0','C9',27,3),(2410,_binary '\0','C10',27,3),(2411,_binary '\0','C11',27,3),(2412,_binary '\0','C12',27,3),(2413,_binary '\0','C13',27,3),(2414,_binary '\0','C14',27,3),(2415,_binary '\0','C15',27,3),(2416,_binary '\0','C16',27,3),(2417,_binary '\0','C17',27,3),(2418,_binary '\0','C18',27,3),(2419,_binary '\0','C19',27,3),(2420,_binary '\0','C20',27,3),(2421,_binary '\0','C21',27,3),(2422,_binary '\0','C22',27,3),(2423,_binary '\0','C23',27,3),(2424,_binary '\0','C24',27,3),(2425,_binary '\0','C25',27,3),(2426,_binary '\0','C26',27,3),(2427,_binary '\0','C27',27,3),(2428,_binary '\0','C28',27,3),(2429,_binary '\0','C29',27,3),(2430,_binary '\0','C30',27,3),(2431,_binary '\0','A1',28,1),(2432,_binary '\0','A2',28,1),(2433,_binary '\0','A3',28,1),(2434,_binary '\0','A4',28,1),(2435,_binary '\0','A5',28,1),(2436,_binary '\0','A6',28,1),(2437,_binary '\0','A7',28,1),(2438,_binary '\0','A8',28,1),(2439,_binary '\0','A9',28,1),(2440,_binary '\0','A10',28,1),(2441,_binary '\0','A11',28,1),(2442,_binary '\0','A12',28,1),(2443,_binary '\0','A13',28,1),(2444,_binary '\0','A14',28,1),(2445,_binary '\0','A15',28,1),(2446,_binary '\0','A16',28,1),(2447,_binary '\0','A17',28,1),(2448,_binary '\0','A18',28,1),(2449,_binary '\0','A19',28,1),(2450,_binary '\0','A20',28,1),(2451,_binary '\0','A21',28,1),(2452,_binary '\0','A22',28,1),(2453,_binary '\0','A23',28,1),(2454,_binary '\0','A24',28,1),(2455,_binary '\0','A25',28,1),(2456,_binary '\0','A26',28,1),(2457,_binary '\0','A27',28,1),(2458,_binary '\0','A28',28,1),(2459,_binary '\0','A29',28,1),(2460,_binary '\0','A30',28,1),(2461,_binary '\0','B1',28,2),(2462,_binary '\0','B2',28,2),(2463,_binary '\0','B3',28,2),(2464,_binary '\0','B4',28,2),(2465,_binary '\0','B5',28,2),(2466,_binary '\0','B6',28,2),(2467,_binary '\0','B7',28,2),(2468,_binary '\0','B8',28,2),(2469,_binary '\0','B9',28,2),(2470,_binary '\0','B10',28,2),(2471,_binary '\0','B11',28,2),(2472,_binary '\0','B12',28,2),(2473,_binary '\0','B13',28,2),(2474,_binary '\0','B14',28,2),(2475,_binary '\0','B15',28,2),(2476,_binary '\0','B16',28,2),(2477,_binary '\0','B17',28,2),(2478,_binary '\0','B18',28,2),(2479,_binary '\0','B19',28,2),(2480,_binary '\0','B20',28,2),(2481,_binary '\0','B21',28,2),(2482,_binary '\0','B22',28,2),(2483,_binary '\0','B23',28,2),(2484,_binary '\0','B24',28,2),(2485,_binary '\0','B25',28,2),(2486,_binary '\0','B26',28,2),(2487,_binary '\0','B27',28,2),(2488,_binary '\0','B28',28,2),(2489,_binary '\0','B29',28,2),(2490,_binary '\0','B30',28,2),(2491,_binary '\0','C1',28,3),(2492,_binary '\0','C2',28,3),(2493,_binary '\0','C3',28,3),(2494,_binary '\0','C4',28,3),(2495,_binary '\0','C5',28,3),(2496,_binary '\0','C6',28,3),(2497,_binary '\0','C7',28,3),(2498,_binary '\0','C8',28,3),(2499,_binary '\0','C9',28,3),(2500,_binary '\0','C10',28,3),(2501,_binary '\0','C11',28,3),(2502,_binary '\0','C12',28,3),(2503,_binary '\0','C13',28,3),(2504,_binary '\0','C14',28,3),(2505,_binary '\0','C15',28,3),(2506,_binary '\0','C16',28,3),(2507,_binary '\0','C17',28,3),(2508,_binary '\0','C18',28,3),(2509,_binary '\0','C19',28,3),(2510,_binary '\0','C20',28,3),(2511,_binary '\0','C21',28,3),(2512,_binary '\0','C22',28,3),(2513,_binary '\0','C23',28,3),(2514,_binary '\0','C24',28,3),(2515,_binary '\0','C25',28,3),(2516,_binary '\0','C26',28,3),(2517,_binary '\0','C27',28,3),(2518,_binary '\0','C28',28,3),(2519,_binary '\0','C29',28,3),(2520,_binary '\0','C30',28,3),(2521,_binary '\0','A1',29,1),(2522,_binary '\0','A2',29,1),(2523,_binary '\0','A3',29,1),(2524,_binary '\0','A4',29,1),(2525,_binary '\0','A5',29,1),(2526,_binary '\0','A6',29,1),(2527,_binary '\0','A7',29,1),(2528,_binary '\0','A8',29,1),(2529,_binary '\0','A9',29,1),(2530,_binary '\0','A10',29,1),(2531,_binary '\0','A11',29,1),(2532,_binary '\0','A12',29,1),(2533,_binary '\0','A13',29,1),(2534,_binary '\0','A14',29,1),(2535,_binary '\0','A15',29,1),(2536,_binary '\0','A16',29,1),(2537,_binary '\0','A17',29,1),(2538,_binary '\0','A18',29,1),(2539,_binary '\0','A19',29,1),(2540,_binary '\0','A20',29,1),(2541,_binary '\0','A21',29,1),(2542,_binary '\0','A22',29,1),(2543,_binary '\0','A23',29,1),(2544,_binary '\0','A24',29,1),(2545,_binary '\0','A25',29,1),(2546,_binary '\0','A26',29,1),(2547,_binary '\0','A27',29,1),(2548,_binary '\0','A28',29,1),(2549,_binary '\0','A29',29,1),(2550,_binary '\0','A30',29,1),(2551,_binary '\0','B1',29,2),(2552,_binary '\0','B2',29,2),(2553,_binary '\0','B3',29,2),(2554,_binary '\0','B4',29,2),(2555,_binary '\0','B5',29,2),(2556,_binary '\0','B6',29,2),(2557,_binary '\0','B7',29,2),(2558,_binary '\0','B8',29,2),(2559,_binary '\0','B9',29,2),(2560,_binary '\0','B10',29,2),(2561,_binary '\0','B11',29,2),(2562,_binary '\0','B12',29,2),(2563,_binary '\0','B13',29,2),(2564,_binary '\0','B14',29,2),(2565,_binary '\0','B15',29,2),(2566,_binary '\0','B16',29,2),(2567,_binary '\0','B17',29,2),(2568,_binary '\0','B18',29,2),(2569,_binary '\0','B19',29,2),(2570,_binary '\0','B20',29,2),(2571,_binary '\0','B21',29,2),(2572,_binary '\0','B22',29,2),(2573,_binary '\0','B23',29,2),(2574,_binary '\0','B24',29,2),(2575,_binary '\0','B25',29,2),(2576,_binary '\0','B26',29,2),(2577,_binary '\0','B27',29,2),(2578,_binary '\0','B28',29,2),(2579,_binary '\0','B29',29,2),(2580,_binary '\0','B30',29,2),(2581,_binary '\0','C1',29,3),(2582,_binary '\0','C2',29,3),(2583,_binary '\0','C3',29,3),(2584,_binary '\0','C4',29,3),(2585,_binary '\0','C5',29,3),(2586,_binary '\0','C6',29,3),(2587,_binary '\0','C7',29,3),(2588,_binary '\0','C8',29,3),(2589,_binary '\0','C9',29,3),(2590,_binary '\0','C10',29,3),(2591,_binary '\0','C11',29,3),(2592,_binary '\0','C12',29,3),(2593,_binary '\0','C13',29,3),(2594,_binary '\0','C14',29,3),(2595,_binary '\0','C15',29,3),(2596,_binary '\0','C16',29,3),(2597,_binary '\0','C17',29,3),(2598,_binary '\0','C18',29,3),(2599,_binary '\0','C19',29,3),(2600,_binary '\0','C20',29,3),(2601,_binary '\0','C21',29,3),(2602,_binary '\0','C22',29,3),(2603,_binary '\0','C23',29,3),(2604,_binary '\0','C24',29,3),(2605,_binary '\0','C25',29,3),(2606,_binary '\0','C26',29,3),(2607,_binary '\0','C27',29,3),(2608,_binary '\0','C28',29,3),(2609,_binary '\0','C29',29,3),(2610,_binary '\0','C30',29,3),(2611,_binary '\0','A1',30,1),(2612,_binary '\0','A2',30,1),(2613,_binary '\0','A3',30,1),(2614,_binary '\0','A4',30,1),(2615,_binary '\0','A5',30,1),(2616,_binary '\0','A6',30,1),(2617,_binary '\0','A7',30,1),(2618,_binary '\0','A8',30,1),(2619,_binary '\0','A9',30,1),(2620,_binary '\0','A10',30,1),(2621,_binary '\0','A11',30,1),(2622,_binary '\0','A12',30,1),(2623,_binary '\0','A13',30,1),(2624,_binary '\0','A14',30,1),(2625,_binary '\0','A15',30,1),(2626,_binary '\0','A16',30,1),(2627,_binary '\0','A17',30,1),(2628,_binary '\0','A18',30,1),(2629,_binary '\0','A19',30,1),(2630,_binary '\0','A20',30,1),(2631,_binary '\0','A21',30,1),(2632,_binary '\0','A22',30,1),(2633,_binary '\0','A23',30,1),(2634,_binary '\0','A24',30,1),(2635,_binary '\0','A25',30,1),(2636,_binary '\0','A26',30,1),(2637,_binary '\0','A27',30,1),(2638,_binary '\0','A28',30,1),(2639,_binary '\0','A29',30,1),(2640,_binary '\0','A30',30,1),(2641,_binary '\0','B1',30,2),(2642,_binary '\0','B2',30,2),(2643,_binary '\0','B3',30,2),(2644,_binary '\0','B4',30,2),(2645,_binary '\0','B5',30,2),(2646,_binary '\0','B6',30,2),(2647,_binary '\0','B7',30,2),(2648,_binary '\0','B8',30,2),(2649,_binary '\0','B9',30,2),(2650,_binary '\0','B10',30,2),(2651,_binary '\0','B11',30,2),(2652,_binary '\0','B12',30,2),(2653,_binary '\0','B13',30,2),(2654,_binary '\0','B14',30,2),(2655,_binary '\0','B15',30,2),(2656,_binary '\0','B16',30,2),(2657,_binary '\0','B17',30,2),(2658,_binary '\0','B18',30,2),(2659,_binary '\0','B19',30,2),(2660,_binary '\0','B20',30,2),(2661,_binary '\0','B21',30,2),(2662,_binary '\0','B22',30,2),(2663,_binary '\0','B23',30,2),(2664,_binary '\0','B24',30,2),(2665,_binary '\0','B25',30,2),(2666,_binary '\0','B26',30,2),(2667,_binary '\0','B27',30,2),(2668,_binary '\0','B28',30,2),(2669,_binary '\0','B29',30,2),(2670,_binary '\0','B30',30,2),(2671,_binary '\0','C1',30,3),(2672,_binary '\0','C2',30,3),(2673,_binary '\0','C3',30,3),(2674,_binary '\0','C4',30,3),(2675,_binary '\0','C5',30,3),(2676,_binary '\0','C6',30,3),(2677,_binary '\0','C7',30,3),(2678,_binary '\0','C8',30,3),(2679,_binary '\0','C9',30,3),(2680,_binary '\0','C10',30,3),(2681,_binary '\0','C11',30,3),(2682,_binary '\0','C12',30,3),(2683,_binary '\0','C13',30,3),(2684,_binary '\0','C14',30,3),(2685,_binary '\0','C15',30,3),(2686,_binary '\0','C16',30,3),(2687,_binary '\0','C17',30,3),(2688,_binary '\0','C18',30,3),(2689,_binary '\0','C19',30,3),(2690,_binary '\0','C20',30,3),(2691,_binary '\0','C21',30,3),(2692,_binary '\0','C22',30,3),(2693,_binary '\0','C23',30,3),(2694,_binary '\0','C24',30,3),(2695,_binary '\0','C25',30,3),(2696,_binary '\0','C26',30,3),(2697,_binary '\0','C27',30,3),(2698,_binary '\0','C28',30,3),(2699,_binary '\0','C29',30,3),(2700,_binary '\0','C30',30,3),(2701,_binary '\0','A1',31,1),(2702,_binary '\0','A2',31,1),(2703,_binary '\0','A3',31,1),(2704,_binary '\0','A4',31,1),(2705,_binary '\0','A5',31,1),(2706,_binary '\0','A6',31,1),(2707,_binary '\0','A7',31,1),(2708,_binary '\0','A8',31,1),(2709,_binary '\0','A9',31,1),(2710,_binary '\0','A10',31,1),(2711,_binary '\0','A11',31,1),(2712,_binary '\0','A12',31,1),(2713,_binary '\0','A13',31,1),(2714,_binary '\0','A14',31,1),(2715,_binary '\0','A15',31,1),(2716,_binary '\0','A16',31,1),(2717,_binary '\0','A17',31,1),(2718,_binary '\0','A18',31,1),(2719,_binary '\0','A19',31,1),(2720,_binary '\0','A20',31,1),(2721,_binary '\0','A21',31,1),(2722,_binary '\0','A22',31,1),(2723,_binary '\0','A23',31,1),(2724,_binary '\0','A24',31,1),(2725,_binary '\0','A25',31,1),(2726,_binary '\0','A26',31,1),(2727,_binary '\0','A27',31,1),(2728,_binary '\0','A28',31,1),(2729,_binary '\0','A29',31,1),(2730,_binary '\0','A30',31,1),(2731,_binary '\0','B1',31,2),(2732,_binary '\0','B2',31,2),(2733,_binary '\0','B3',31,2),(2734,_binary '\0','B4',31,2),(2735,_binary '\0','B5',31,2),(2736,_binary '\0','B6',31,2),(2737,_binary '\0','B7',31,2),(2738,_binary '\0','B8',31,2),(2739,_binary '\0','B9',31,2),(2740,_binary '\0','B10',31,2),(2741,_binary '\0','B11',31,2),(2742,_binary '\0','B12',31,2),(2743,_binary '\0','B13',31,2),(2744,_binary '\0','B14',31,2),(2745,_binary '\0','B15',31,2),(2746,_binary '\0','B16',31,2),(2747,_binary '\0','B17',31,2),(2748,_binary '\0','B18',31,2),(2749,_binary '\0','B19',31,2),(2750,_binary '\0','B20',31,2),(2751,_binary '\0','B21',31,2),(2752,_binary '\0','B22',31,2),(2753,_binary '\0','B23',31,2),(2754,_binary '\0','B24',31,2),(2755,_binary '\0','B25',31,2),(2756,_binary '\0','B26',31,2),(2757,_binary '\0','B27',31,2),(2758,_binary '\0','B28',31,2),(2759,_binary '\0','B29',31,2),(2760,_binary '\0','B30',31,2),(2761,_binary '\0','C1',31,3),(2762,_binary '\0','C2',31,3),(2763,_binary '\0','C3',31,3),(2764,_binary '\0','C4',31,3),(2765,_binary '\0','C5',31,3),(2766,_binary '\0','C6',31,3),(2767,_binary '\0','C7',31,3),(2768,_binary '\0','C8',31,3),(2769,_binary '\0','C9',31,3),(2770,_binary '\0','C10',31,3),(2771,_binary '\0','C11',31,3),(2772,_binary '\0','C12',31,3),(2773,_binary '\0','C13',31,3),(2774,_binary '\0','C14',31,3),(2775,_binary '\0','C15',31,3),(2776,_binary '\0','C16',31,3),(2777,_binary '\0','C17',31,3),(2778,_binary '\0','C18',31,3),(2779,_binary '\0','C19',31,3),(2780,_binary '\0','C20',31,3),(2781,_binary '\0','C21',31,3),(2782,_binary '\0','C22',31,3),(2783,_binary '\0','C23',31,3),(2784,_binary '\0','C24',31,3),(2785,_binary '\0','C25',31,3),(2786,_binary '\0','C26',31,3),(2787,_binary '\0','C27',31,3),(2788,_binary '\0','C28',31,3),(2789,_binary '\0','C29',31,3),(2790,_binary '\0','C30',31,3),(2791,_binary '\0','A1',32,1),(2792,_binary '\0','A2',32,1),(2793,_binary '\0','A3',32,1),(2794,_binary '\0','A4',32,1),(2795,_binary '\0','A5',32,1),(2796,_binary '\0','A6',32,1),(2797,_binary '\0','A7',32,1),(2798,_binary '\0','A8',32,1),(2799,_binary '\0','A9',32,1),(2800,_binary '\0','A10',32,1),(2801,_binary '\0','A11',32,1),(2802,_binary '\0','A12',32,1),(2803,_binary '\0','A13',32,1),(2804,_binary '\0','A14',32,1),(2805,_binary '\0','A15',32,1),(2806,_binary '\0','A16',32,1),(2807,_binary '\0','A17',32,1),(2808,_binary '\0','A18',32,1),(2809,_binary '\0','A19',32,1),(2810,_binary '\0','A20',32,1),(2811,_binary '\0','A21',32,1),(2812,_binary '\0','A22',32,1),(2813,_binary '\0','A23',32,1),(2814,_binary '\0','A24',32,1),(2815,_binary '\0','A25',32,1),(2816,_binary '\0','A26',32,1),(2817,_binary '\0','A27',32,1),(2818,_binary '\0','A28',32,1),(2819,_binary '\0','A29',32,1),(2820,_binary '\0','A30',32,1),(2821,_binary '\0','B1',32,2),(2822,_binary '\0','B2',32,2),(2823,_binary '\0','B3',32,2),(2824,_binary '\0','B4',32,2),(2825,_binary '\0','B5',32,2),(2826,_binary '\0','B6',32,2),(2827,_binary '\0','B7',32,2),(2828,_binary '\0','B8',32,2),(2829,_binary '\0','B9',32,2),(2830,_binary '\0','B10',32,2),(2831,_binary '\0','B11',32,2),(2832,_binary '\0','B12',32,2),(2833,_binary '\0','B13',32,2),(2834,_binary '\0','B14',32,2),(2835,_binary '\0','B15',32,2),(2836,_binary '\0','B16',32,2),(2837,_binary '\0','B17',32,2),(2838,_binary '\0','B18',32,2),(2839,_binary '\0','B19',32,2),(2840,_binary '\0','B20',32,2),(2841,_binary '\0','B21',32,2),(2842,_binary '\0','B22',32,2),(2843,_binary '\0','B23',32,2),(2844,_binary '\0','B24',32,2),(2845,_binary '\0','B25',32,2),(2846,_binary '\0','B26',32,2),(2847,_binary '\0','B27',32,2),(2848,_binary '\0','B28',32,2),(2849,_binary '\0','B29',32,2),(2850,_binary '\0','B30',32,2),(2851,_binary '\0','C1',32,3),(2852,_binary '\0','C2',32,3),(2853,_binary '\0','C3',32,3),(2854,_binary '\0','C4',32,3),(2855,_binary '\0','C5',32,3),(2856,_binary '\0','C6',32,3),(2857,_binary '\0','C7',32,3),(2858,_binary '\0','C8',32,3),(2859,_binary '\0','C9',32,3),(2860,_binary '\0','C10',32,3),(2861,_binary '\0','C11',32,3),(2862,_binary '\0','C12',32,3),(2863,_binary '\0','C13',32,3),(2864,_binary '\0','C14',32,3),(2865,_binary '\0','C15',32,3),(2866,_binary '\0','C16',32,3),(2867,_binary '\0','C17',32,3),(2868,_binary '\0','C18',32,3),(2869,_binary '\0','C19',32,3),(2870,_binary '\0','C20',32,3),(2871,_binary '\0','C21',32,3),(2872,_binary '\0','C22',32,3),(2873,_binary '\0','C23',32,3),(2874,_binary '\0','C24',32,3),(2875,_binary '\0','C25',32,3),(2876,_binary '\0','C26',32,3),(2877,_binary '\0','C27',32,3),(2878,_binary '\0','C28',32,3),(2879,_binary '\0','C29',32,3),(2880,_binary '\0','C30',32,3),(2881,_binary '\0','A1',33,1),(2882,_binary '\0','A2',33,1),(2883,_binary '\0','A3',33,1),(2884,_binary '\0','A4',33,1),(2885,_binary '\0','A5',33,1),(2886,_binary '\0','A6',33,1),(2887,_binary '\0','A7',33,1),(2888,_binary '\0','A8',33,1),(2889,_binary '\0','A9',33,1),(2890,_binary '\0','A10',33,1),(2891,_binary '\0','A11',33,1),(2892,_binary '\0','A12',33,1),(2893,_binary '\0','A13',33,1),(2894,_binary '\0','A14',33,1),(2895,_binary '\0','A15',33,1),(2896,_binary '\0','A16',33,1),(2897,_binary '\0','A17',33,1),(2898,_binary '\0','A18',33,1),(2899,_binary '\0','A19',33,1),(2900,_binary '\0','A20',33,1),(2901,_binary '\0','A21',33,1),(2902,_binary '\0','A22',33,1),(2903,_binary '\0','A23',33,1),(2904,_binary '\0','A24',33,1),(2905,_binary '\0','A25',33,1),(2906,_binary '\0','A26',33,1),(2907,_binary '\0','A27',33,1),(2908,_binary '\0','A28',33,1),(2909,_binary '\0','A29',33,1),(2910,_binary '\0','A30',33,1),(2911,_binary '\0','B1',33,2),(2912,_binary '\0','B2',33,2),(2913,_binary '\0','B3',33,2),(2914,_binary '\0','B4',33,2),(2915,_binary '\0','B5',33,2),(2916,_binary '\0','B6',33,2),(2917,_binary '\0','B7',33,2),(2918,_binary '\0','B8',33,2),(2919,_binary '\0','B9',33,2),(2920,_binary '\0','B10',33,2),(2921,_binary '\0','B11',33,2),(2922,_binary '\0','B12',33,2),(2923,_binary '\0','B13',33,2),(2924,_binary '\0','B14',33,2),(2925,_binary '\0','B15',33,2),(2926,_binary '\0','B16',33,2),(2927,_binary '\0','B17',33,2),(2928,_binary '\0','B18',33,2),(2929,_binary '\0','B19',33,2),(2930,_binary '\0','B20',33,2),(2931,_binary '\0','B21',33,2),(2932,_binary '\0','B22',33,2),(2933,_binary '\0','B23',33,2),(2934,_binary '\0','B24',33,2),(2935,_binary '\0','B25',33,2),(2936,_binary '\0','B26',33,2),(2937,_binary '\0','B27',33,2),(2938,_binary '\0','B28',33,2),(2939,_binary '\0','B29',33,2),(2940,_binary '\0','B30',33,2),(2941,_binary '\0','C1',33,3),(2942,_binary '\0','C2',33,3),(2943,_binary '\0','C3',33,3),(2944,_binary '\0','C4',33,3),(2945,_binary '\0','C5',33,3),(2946,_binary '\0','C6',33,3),(2947,_binary '\0','C7',33,3),(2948,_binary '\0','C8',33,3),(2949,_binary '\0','C9',33,3),(2950,_binary '\0','C10',33,3),(2951,_binary '\0','C11',33,3),(2952,_binary '\0','C12',33,3),(2953,_binary '\0','C13',33,3),(2954,_binary '\0','C14',33,3),(2955,_binary '\0','C15',33,3),(2956,_binary '\0','C16',33,3),(2957,_binary '\0','C17',33,3),(2958,_binary '\0','C18',33,3),(2959,_binary '\0','C19',33,3),(2960,_binary '\0','C20',33,3),(2961,_binary '\0','C21',33,3),(2962,_binary '\0','C22',33,3),(2963,_binary '\0','C23',33,3),(2964,_binary '\0','C24',33,3),(2965,_binary '\0','C25',33,3),(2966,_binary '\0','C26',33,3),(2967,_binary '\0','C27',33,3),(2968,_binary '\0','C28',33,3),(2969,_binary '\0','C29',33,3),(2970,_binary '\0','C30',33,3),(2971,_binary '\0','A1',34,1),(2972,_binary '\0','A2',34,1),(2973,_binary '\0','A3',34,1),(2974,_binary '\0','A4',34,1),(2975,_binary '\0','A5',34,1),(2976,_binary '\0','A6',34,1),(2977,_binary '\0','A7',34,1),(2978,_binary '\0','A8',34,1),(2979,_binary '\0','A9',34,1),(2980,_binary '\0','A10',34,1),(2981,_binary '\0','A11',34,1),(2982,_binary '\0','A12',34,1),(2983,_binary '\0','A13',34,1),(2984,_binary '\0','A14',34,1),(2985,_binary '\0','A15',34,1),(2986,_binary '\0','A16',34,1),(2987,_binary '\0','A17',34,1),(2988,_binary '\0','A18',34,1),(2989,_binary '\0','A19',34,1),(2990,_binary '\0','A20',34,1),(2991,_binary '\0','A21',34,1),(2992,_binary '\0','A22',34,1),(2993,_binary '\0','A23',34,1),(2994,_binary '\0','A24',34,1),(2995,_binary '\0','A25',34,1),(2996,_binary '\0','A26',34,1),(2997,_binary '\0','A27',34,1),(2998,_binary '\0','A28',34,1),(2999,_binary '\0','A29',34,1),(3000,_binary '\0','A30',34,1),(3001,_binary '\0','B1',34,2),(3002,_binary '\0','B2',34,2),(3003,_binary '\0','B3',34,2),(3004,_binary '\0','B4',34,2),(3005,_binary '\0','B5',34,2),(3006,_binary '\0','B6',34,2),(3007,_binary '\0','B7',34,2),(3008,_binary '\0','B8',34,2),(3009,_binary '\0','B9',34,2),(3010,_binary '\0','B10',34,2),(3011,_binary '\0','B11',34,2),(3012,_binary '\0','B12',34,2),(3013,_binary '\0','B13',34,2),(3014,_binary '\0','B14',34,2),(3015,_binary '\0','B15',34,2),(3016,_binary '\0','B16',34,2),(3017,_binary '\0','B17',34,2),(3018,_binary '\0','B18',34,2),(3019,_binary '\0','B19',34,2),(3020,_binary '\0','B20',34,2),(3021,_binary '\0','B21',34,2),(3022,_binary '\0','B22',34,2),(3023,_binary '\0','B23',34,2),(3024,_binary '\0','B24',34,2),(3025,_binary '\0','B25',34,2),(3026,_binary '\0','B26',34,2),(3027,_binary '\0','B27',34,2),(3028,_binary '\0','B28',34,2),(3029,_binary '\0','B29',34,2),(3030,_binary '\0','B30',34,2),(3031,_binary '\0','C1',34,3),(3032,_binary '\0','C2',34,3),(3033,_binary '\0','C3',34,3),(3034,_binary '\0','C4',34,3),(3035,_binary '\0','C5',34,3),(3036,_binary '\0','C6',34,3),(3037,_binary '\0','C7',34,3),(3038,_binary '\0','C8',34,3),(3039,_binary '\0','C9',34,3),(3040,_binary '\0','C10',34,3),(3041,_binary '\0','C11',34,3),(3042,_binary '\0','C12',34,3),(3043,_binary '\0','C13',34,3),(3044,_binary '\0','C14',34,3),(3045,_binary '\0','C15',34,3),(3046,_binary '\0','C16',34,3),(3047,_binary '\0','C17',34,3),(3048,_binary '\0','C18',34,3),(3049,_binary '\0','C19',34,3),(3050,_binary '\0','C20',34,3),(3051,_binary '\0','C21',34,3),(3052,_binary '\0','C22',34,3),(3053,_binary '\0','C23',34,3),(3054,_binary '\0','C24',34,3),(3055,_binary '\0','C25',34,3),(3056,_binary '\0','C26',34,3),(3057,_binary '\0','C27',34,3),(3058,_binary '\0','C28',34,3),(3059,_binary '\0','C29',34,3),(3060,_binary '\0','C30',34,3),(3061,_binary '\0','A1',35,1),(3062,_binary '\0','A2',35,1),(3063,_binary '\0','A3',35,1),(3064,_binary '\0','A4',35,1),(3065,_binary '\0','A5',35,1),(3066,_binary '\0','A6',35,1),(3067,_binary '\0','A7',35,1),(3068,_binary '\0','A8',35,1),(3069,_binary '\0','A9',35,1),(3070,_binary '\0','A10',35,1),(3071,_binary '\0','A11',35,1),(3072,_binary '\0','A12',35,1),(3073,_binary '\0','A13',35,1),(3074,_binary '\0','A14',35,1),(3075,_binary '\0','A15',35,1),(3076,_binary '\0','A16',35,1),(3077,_binary '\0','A17',35,1),(3078,_binary '\0','A18',35,1),(3079,_binary '\0','A19',35,1),(3080,_binary '\0','A20',35,1),(3081,_binary '\0','A21',35,1),(3082,_binary '\0','A22',35,1),(3083,_binary '\0','A23',35,1),(3084,_binary '\0','A24',35,1),(3085,_binary '\0','A25',35,1),(3086,_binary '\0','A26',35,1),(3087,_binary '\0','A27',35,1),(3088,_binary '\0','A28',35,1),(3089,_binary '\0','A29',35,1),(3090,_binary '\0','A30',35,1),(3091,_binary '\0','B1',35,2),(3092,_binary '\0','B2',35,2),(3093,_binary '\0','B3',35,2),(3094,_binary '\0','B4',35,2),(3095,_binary '\0','B5',35,2),(3096,_binary '\0','B6',35,2),(3097,_binary '\0','B7',35,2),(3098,_binary '\0','B8',35,2),(3099,_binary '\0','B9',35,2),(3100,_binary '\0','B10',35,2),(3101,_binary '\0','B11',35,2),(3102,_binary '\0','B12',35,2),(3103,_binary '\0','B13',35,2),(3104,_binary '\0','B14',35,2),(3105,_binary '\0','B15',35,2),(3106,_binary '\0','B16',35,2),(3107,_binary '\0','B17',35,2),(3108,_binary '\0','B18',35,2),(3109,_binary '\0','B19',35,2),(3110,_binary '\0','B20',35,2),(3111,_binary '\0','B21',35,2),(3112,_binary '\0','B22',35,2),(3113,_binary '\0','B23',35,2),(3114,_binary '\0','B24',35,2),(3115,_binary '\0','B25',35,2),(3116,_binary '\0','B26',35,2),(3117,_binary '\0','B27',35,2),(3118,_binary '\0','B28',35,2),(3119,_binary '\0','B29',35,2),(3120,_binary '\0','B30',35,2),(3121,_binary '\0','C1',35,3),(3122,_binary '\0','C2',35,3),(3123,_binary '\0','C3',35,3),(3124,_binary '\0','C4',35,3),(3125,_binary '\0','C5',35,3),(3126,_binary '\0','C6',35,3),(3127,_binary '\0','C7',35,3),(3128,_binary '\0','C8',35,3),(3129,_binary '\0','C9',35,3),(3130,_binary '\0','C10',35,3),(3131,_binary '\0','C11',35,3),(3132,_binary '\0','C12',35,3),(3133,_binary '\0','C13',35,3),(3134,_binary '\0','C14',35,3),(3135,_binary '\0','C15',35,3),(3136,_binary '\0','C16',35,3),(3137,_binary '\0','C17',35,3),(3138,_binary '\0','C18',35,3),(3139,_binary '\0','C19',35,3),(3140,_binary '\0','C20',35,3),(3141,_binary '\0','C21',35,3),(3142,_binary '\0','C22',35,3),(3143,_binary '\0','C23',35,3),(3144,_binary '\0','C24',35,3),(3145,_binary '\0','C25',35,3),(3146,_binary '\0','C26',35,3),(3147,_binary '\0','C27',35,3),(3148,_binary '\0','C28',35,3),(3149,_binary '\0','C29',35,3),(3150,_binary '\0','C30',35,3),(3151,_binary '\0','A1',36,1),(3152,_binary '\0','A2',36,1),(3153,_binary '\0','A3',36,1),(3154,_binary '\0','A4',36,1),(3155,_binary '\0','A5',36,1),(3156,_binary '\0','A6',36,1),(3157,_binary '\0','A7',36,1),(3158,_binary '\0','A8',36,1),(3159,_binary '\0','A9',36,1),(3160,_binary '\0','A10',36,1),(3161,_binary '\0','A11',36,1),(3162,_binary '\0','A12',36,1),(3163,_binary '\0','A13',36,1),(3164,_binary '\0','A14',36,1),(3165,_binary '\0','A15',36,1),(3166,_binary '\0','A16',36,1),(3167,_binary '\0','A17',36,1),(3168,_binary '\0','A18',36,1),(3169,_binary '\0','A19',36,1),(3170,_binary '\0','A20',36,1),(3171,_binary '\0','A21',36,1),(3172,_binary '\0','A22',36,1),(3173,_binary '\0','A23',36,1),(3174,_binary '\0','A24',36,1),(3175,_binary '\0','A25',36,1),(3176,_binary '\0','A26',36,1),(3177,_binary '\0','A27',36,1),(3178,_binary '\0','A28',36,1),(3179,_binary '\0','A29',36,1),(3180,_binary '\0','A30',36,1),(3181,_binary '\0','B1',36,2),(3182,_binary '\0','B2',36,2),(3183,_binary '\0','B3',36,2),(3184,_binary '\0','B4',36,2),(3185,_binary '\0','B5',36,2),(3186,_binary '\0','B6',36,2),(3187,_binary '\0','B7',36,2),(3188,_binary '\0','B8',36,2),(3189,_binary '\0','B9',36,2),(3190,_binary '\0','B10',36,2),(3191,_binary '\0','B11',36,2),(3192,_binary '\0','B12',36,2),(3193,_binary '\0','B13',36,2),(3194,_binary '\0','B14',36,2),(3195,_binary '\0','B15',36,2),(3196,_binary '\0','B16',36,2),(3197,_binary '\0','B17',36,2),(3198,_binary '\0','B18',36,2),(3199,_binary '\0','B19',36,2),(3200,_binary '\0','B20',36,2),(3201,_binary '\0','B21',36,2),(3202,_binary '\0','B22',36,2),(3203,_binary '\0','B23',36,2),(3204,_binary '\0','B24',36,2),(3205,_binary '\0','B25',36,2),(3206,_binary '\0','B26',36,2),(3207,_binary '\0','B27',36,2),(3208,_binary '\0','B28',36,2),(3209,_binary '\0','B29',36,2),(3210,_binary '\0','B30',36,2),(3211,_binary '\0','C1',36,3),(3212,_binary '\0','C2',36,3),(3213,_binary '\0','C3',36,3),(3214,_binary '\0','C4',36,3),(3215,_binary '\0','C5',36,3),(3216,_binary '\0','C6',36,3),(3217,_binary '\0','C7',36,3),(3218,_binary '\0','C8',36,3),(3219,_binary '\0','C9',36,3),(3220,_binary '\0','C10',36,3),(3221,_binary '\0','C11',36,3),(3222,_binary '\0','C12',36,3),(3223,_binary '\0','C13',36,3),(3224,_binary '\0','C14',36,3),(3225,_binary '\0','C15',36,3),(3226,_binary '\0','C16',36,3),(3227,_binary '\0','C17',36,3),(3228,_binary '\0','C18',36,3),(3229,_binary '\0','C19',36,3),(3230,_binary '\0','C20',36,3),(3231,_binary '\0','C21',36,3),(3232,_binary '\0','C22',36,3),(3233,_binary '\0','C23',36,3),(3234,_binary '\0','C24',36,3),(3235,_binary '\0','C25',36,3),(3236,_binary '\0','C26',36,3),(3237,_binary '\0','C27',36,3),(3238,_binary '\0','C28',36,3),(3239,_binary '\0','C29',36,3),(3240,_binary '\0','C30',36,3),(3241,_binary '\0','A1',37,1),(3242,_binary '\0','A2',37,1),(3243,_binary '\0','A3',37,1),(3244,_binary '\0','A4',37,1),(3245,_binary '\0','A5',37,1),(3246,_binary '\0','A6',37,1),(3247,_binary '\0','A7',37,1),(3248,_binary '\0','A8',37,1),(3249,_binary '\0','A9',37,1),(3250,_binary '\0','A10',37,1),(3251,_binary '\0','A11',37,1),(3252,_binary '\0','A12',37,1),(3253,_binary '\0','A13',37,1),(3254,_binary '\0','A14',37,1),(3255,_binary '\0','A15',37,1),(3256,_binary '\0','A16',37,1),(3257,_binary '\0','A17',37,1),(3258,_binary '\0','A18',37,1),(3259,_binary '\0','A19',37,1),(3260,_binary '\0','A20',37,1),(3261,_binary '\0','A21',37,1),(3262,_binary '\0','A22',37,1),(3263,_binary '\0','A23',37,1),(3264,_binary '\0','A24',37,1),(3265,_binary '\0','A25',37,1),(3266,_binary '\0','A26',37,1),(3267,_binary '\0','A27',37,1),(3268,_binary '\0','A28',37,1),(3269,_binary '\0','A29',37,1),(3270,_binary '\0','A30',37,1),(3271,_binary '\0','B1',37,2),(3272,_binary '\0','B2',37,2),(3273,_binary '\0','B3',37,2),(3274,_binary '\0','B4',37,2),(3275,_binary '\0','B5',37,2),(3276,_binary '\0','B6',37,2),(3277,_binary '\0','B7',37,2),(3278,_binary '\0','B8',37,2),(3279,_binary '\0','B9',37,2),(3280,_binary '\0','B10',37,2),(3281,_binary '\0','B11',37,2),(3282,_binary '\0','B12',37,2),(3283,_binary '\0','B13',37,2),(3284,_binary '\0','B14',37,2),(3285,_binary '\0','B15',37,2),(3286,_binary '\0','B16',37,2),(3287,_binary '\0','B17',37,2),(3288,_binary '\0','B18',37,2),(3289,_binary '\0','B19',37,2),(3290,_binary '\0','B20',37,2),(3291,_binary '\0','B21',37,2),(3292,_binary '\0','B22',37,2),(3293,_binary '\0','B23',37,2),(3294,_binary '\0','B24',37,2),(3295,_binary '\0','B25',37,2),(3296,_binary '\0','B26',37,2),(3297,_binary '\0','B27',37,2),(3298,_binary '\0','B28',37,2),(3299,_binary '\0','B29',37,2),(3300,_binary '\0','B30',37,2),(3301,_binary '\0','C1',37,3),(3302,_binary '\0','C2',37,3),(3303,_binary '\0','C3',37,3),(3304,_binary '\0','C4',37,3),(3305,_binary '\0','C5',37,3),(3306,_binary '\0','C6',37,3),(3307,_binary '\0','C7',37,3),(3308,_binary '\0','C8',37,3),(3309,_binary '\0','C9',37,3),(3310,_binary '\0','C10',37,3),(3311,_binary '\0','C11',37,3),(3312,_binary '\0','C12',37,3),(3313,_binary '\0','C13',37,3),(3314,_binary '\0','C14',37,3),(3315,_binary '\0','C15',37,3),(3316,_binary '\0','C16',37,3),(3317,_binary '\0','C17',37,3),(3318,_binary '\0','C18',37,3),(3319,_binary '\0','C19',37,3),(3320,_binary '\0','C20',37,3),(3321,_binary '\0','C21',37,3),(3322,_binary '\0','C22',37,3),(3323,_binary '\0','C23',37,3),(3324,_binary '\0','C24',37,3),(3325,_binary '\0','C25',37,3),(3326,_binary '\0','C26',37,3),(3327,_binary '\0','C27',37,3),(3328,_binary '\0','C28',37,3),(3329,_binary '\0','C29',37,3),(3330,_binary '\0','C30',37,3),(3331,_binary '\0','A1',38,1),(3332,_binary '\0','A2',38,1),(3333,_binary '\0','A3',38,1),(3334,_binary '\0','A4',38,1),(3335,_binary '\0','A5',38,1),(3336,_binary '\0','A6',38,1),(3337,_binary '\0','A7',38,1),(3338,_binary '\0','A8',38,1),(3339,_binary '\0','A9',38,1),(3340,_binary '\0','A10',38,1),(3341,_binary '\0','A11',38,1),(3342,_binary '\0','A12',38,1),(3343,_binary '\0','A13',38,1),(3344,_binary '\0','A14',38,1),(3345,_binary '\0','A15',38,1),(3346,_binary '\0','A16',38,1),(3347,_binary '\0','A17',38,1),(3348,_binary '\0','A18',38,1),(3349,_binary '\0','A19',38,1),(3350,_binary '\0','A20',38,1),(3351,_binary '\0','A21',38,1),(3352,_binary '\0','A22',38,1),(3353,_binary '\0','A23',38,1),(3354,_binary '\0','A24',38,1),(3355,_binary '\0','A25',38,1),(3356,_binary '\0','A26',38,1),(3357,_binary '\0','A27',38,1),(3358,_binary '\0','A28',38,1),(3359,_binary '\0','A29',38,1),(3360,_binary '\0','A30',38,1),(3361,_binary '\0','B1',38,2),(3362,_binary '\0','B2',38,2),(3363,_binary '\0','B3',38,2),(3364,_binary '\0','B4',38,2),(3365,_binary '\0','B5',38,2),(3366,_binary '\0','B6',38,2),(3367,_binary '\0','B7',38,2),(3368,_binary '\0','B8',38,2),(3369,_binary '\0','B9',38,2),(3370,_binary '\0','B10',38,2),(3371,_binary '\0','B11',38,2),(3372,_binary '\0','B12',38,2),(3373,_binary '\0','B13',38,2),(3374,_binary '\0','B14',38,2),(3375,_binary '\0','B15',38,2),(3376,_binary '\0','B16',38,2),(3377,_binary '\0','B17',38,2),(3378,_binary '\0','B18',38,2),(3379,_binary '\0','B19',38,2),(3380,_binary '\0','B20',38,2),(3381,_binary '\0','B21',38,2),(3382,_binary '\0','B22',38,2),(3383,_binary '\0','B23',38,2),(3384,_binary '\0','B24',38,2),(3385,_binary '\0','B25',38,2),(3386,_binary '\0','B26',38,2),(3387,_binary '\0','B27',38,2),(3388,_binary '\0','B28',38,2),(3389,_binary '\0','B29',38,2),(3390,_binary '\0','B30',38,2),(3391,_binary '\0','C1',38,3),(3392,_binary '\0','C2',38,3),(3393,_binary '\0','C3',38,3),(3394,_binary '\0','C4',38,3),(3395,_binary '\0','C5',38,3),(3396,_binary '\0','C6',38,3),(3397,_binary '\0','C7',38,3),(3398,_binary '\0','C8',38,3),(3399,_binary '\0','C9',38,3),(3400,_binary '\0','C10',38,3),(3401,_binary '\0','C11',38,3),(3402,_binary '\0','C12',38,3),(3403,_binary '\0','C13',38,3),(3404,_binary '\0','C14',38,3),(3405,_binary '\0','C15',38,3),(3406,_binary '\0','C16',38,3),(3407,_binary '\0','C17',38,3),(3408,_binary '\0','C18',38,3),(3409,_binary '\0','C19',38,3),(3410,_binary '\0','C20',38,3),(3411,_binary '\0','C21',38,3),(3412,_binary '\0','C22',38,3),(3413,_binary '\0','C23',38,3),(3414,_binary '\0','C24',38,3),(3415,_binary '\0','C25',38,3),(3416,_binary '\0','C26',38,3),(3417,_binary '\0','C27',38,3),(3418,_binary '\0','C28',38,3),(3419,_binary '\0','C29',38,3),(3420,_binary '\0','C30',38,3),(3421,_binary '\0','A1',39,1),(3422,_binary '\0','A2',39,1),(3423,_binary '\0','A3',39,1),(3424,_binary '\0','A4',39,1),(3425,_binary '\0','A5',39,1),(3426,_binary '\0','A6',39,1),(3427,_binary '\0','A7',39,1),(3428,_binary '\0','A8',39,1),(3429,_binary '\0','A9',39,1),(3430,_binary '\0','A10',39,1),(3431,_binary '\0','A11',39,1),(3432,_binary '\0','A12',39,1),(3433,_binary '\0','A13',39,1),(3434,_binary '\0','A14',39,1),(3435,_binary '\0','A15',39,1),(3436,_binary '\0','A16',39,1),(3437,_binary '\0','A17',39,1),(3438,_binary '\0','A18',39,1),(3439,_binary '\0','A19',39,1),(3440,_binary '\0','A20',39,1),(3441,_binary '\0','A21',39,1),(3442,_binary '\0','A22',39,1),(3443,_binary '\0','A23',39,1),(3444,_binary '\0','A24',39,1),(3445,_binary '\0','A25',39,1),(3446,_binary '\0','A26',39,1),(3447,_binary '\0','A27',39,1),(3448,_binary '\0','A28',39,1),(3449,_binary '\0','A29',39,1),(3450,_binary '\0','A30',39,1),(3451,_binary '\0','B1',39,2),(3452,_binary '\0','B2',39,2),(3453,_binary '\0','B3',39,2),(3454,_binary '\0','B4',39,2),(3455,_binary '\0','B5',39,2),(3456,_binary '\0','B6',39,2),(3457,_binary '\0','B7',39,2),(3458,_binary '\0','B8',39,2),(3459,_binary '\0','B9',39,2),(3460,_binary '\0','B10',39,2),(3461,_binary '\0','B11',39,2),(3462,_binary '\0','B12',39,2),(3463,_binary '\0','B13',39,2),(3464,_binary '\0','B14',39,2),(3465,_binary '\0','B15',39,2),(3466,_binary '\0','B16',39,2),(3467,_binary '\0','B17',39,2),(3468,_binary '\0','B18',39,2),(3469,_binary '\0','B19',39,2),(3470,_binary '\0','B20',39,2),(3471,_binary '\0','B21',39,2),(3472,_binary '\0','B22',39,2),(3473,_binary '\0','B23',39,2),(3474,_binary '\0','B24',39,2),(3475,_binary '\0','B25',39,2),(3476,_binary '\0','B26',39,2),(3477,_binary '\0','B27',39,2),(3478,_binary '\0','B28',39,2),(3479,_binary '\0','B29',39,2),(3480,_binary '\0','B30',39,2),(3481,_binary '\0','C1',39,3),(3482,_binary '\0','C2',39,3),(3483,_binary '\0','C3',39,3),(3484,_binary '\0','C4',39,3),(3485,_binary '\0','C5',39,3),(3486,_binary '\0','C6',39,3),(3487,_binary '\0','C7',39,3),(3488,_binary '\0','C8',39,3),(3489,_binary '\0','C9',39,3),(3490,_binary '\0','C10',39,3),(3491,_binary '\0','C11',39,3),(3492,_binary '\0','C12',39,3),(3493,_binary '\0','C13',39,3),(3494,_binary '\0','C14',39,3),(3495,_binary '\0','C15',39,3),(3496,_binary '\0','C16',39,3),(3497,_binary '\0','C17',39,3),(3498,_binary '\0','C18',39,3),(3499,_binary '\0','C19',39,3),(3500,_binary '\0','C20',39,3),(3501,_binary '\0','C21',39,3),(3502,_binary '\0','C22',39,3),(3503,_binary '\0','C23',39,3),(3504,_binary '\0','C24',39,3),(3505,_binary '\0','C25',39,3),(3506,_binary '\0','C26',39,3),(3507,_binary '\0','C27',39,3),(3508,_binary '\0','C28',39,3),(3509,_binary '\0','C29',39,3),(3510,_binary '\0','C30',39,3),(3511,_binary '\0','A1',40,1),(3512,_binary '\0','A2',40,1),(3513,_binary '\0','A3',40,1),(3514,_binary '\0','A4',40,1),(3515,_binary '\0','A5',40,1),(3516,_binary '\0','A6',40,1),(3517,_binary '\0','A7',40,1),(3518,_binary '\0','A8',40,1),(3519,_binary '\0','A9',40,1),(3520,_binary '\0','A10',40,1),(3521,_binary '\0','A11',40,1),(3522,_binary '\0','A12',40,1),(3523,_binary '\0','A13',40,1),(3524,_binary '\0','A14',40,1),(3525,_binary '\0','A15',40,1),(3526,_binary '\0','A16',40,1),(3527,_binary '\0','A17',40,1),(3528,_binary '\0','A18',40,1),(3529,_binary '\0','A19',40,1),(3530,_binary '\0','A20',40,1),(3531,_binary '\0','A21',40,1),(3532,_binary '\0','A22',40,1),(3533,_binary '\0','A23',40,1),(3534,_binary '\0','A24',40,1),(3535,_binary '\0','A25',40,1),(3536,_binary '\0','A26',40,1),(3537,_binary '\0','A27',40,1),(3538,_binary '\0','A28',40,1),(3539,_binary '\0','A29',40,1),(3540,_binary '\0','A30',40,1),(3541,_binary '\0','B1',40,2),(3542,_binary '\0','B2',40,2),(3543,_binary '\0','B3',40,2),(3544,_binary '\0','B4',40,2),(3545,_binary '\0','B5',40,2),(3546,_binary '\0','B6',40,2),(3547,_binary '\0','B7',40,2),(3548,_binary '\0','B8',40,2),(3549,_binary '\0','B9',40,2),(3550,_binary '\0','B10',40,2),(3551,_binary '\0','B11',40,2),(3552,_binary '\0','B12',40,2),(3553,_binary '\0','B13',40,2),(3554,_binary '\0','B14',40,2),(3555,_binary '\0','B15',40,2),(3556,_binary '\0','B16',40,2),(3557,_binary '\0','B17',40,2),(3558,_binary '\0','B18',40,2),(3559,_binary '\0','B19',40,2),(3560,_binary '\0','B20',40,2),(3561,_binary '\0','B21',40,2),(3562,_binary '\0','B22',40,2),(3563,_binary '\0','B23',40,2),(3564,_binary '\0','B24',40,2),(3565,_binary '\0','B25',40,2),(3566,_binary '\0','B26',40,2),(3567,_binary '\0','B27',40,2),(3568,_binary '\0','B28',40,2),(3569,_binary '\0','B29',40,2),(3570,_binary '\0','B30',40,2),(3571,_binary '\0','C1',40,3),(3572,_binary '\0','C2',40,3),(3573,_binary '\0','C3',40,3),(3574,_binary '\0','C4',40,3),(3575,_binary '\0','C5',40,3),(3576,_binary '\0','C6',40,3),(3577,_binary '\0','C7',40,3),(3578,_binary '\0','C8',40,3),(3579,_binary '\0','C9',40,3),(3580,_binary '\0','C10',40,3),(3581,_binary '\0','C11',40,3),(3582,_binary '\0','C12',40,3),(3583,_binary '\0','C13',40,3),(3584,_binary '\0','C14',40,3),(3585,_binary '\0','C15',40,3),(3586,_binary '\0','C16',40,3),(3587,_binary '\0','C17',40,3),(3588,_binary '\0','C18',40,3),(3589,_binary '\0','C19',40,3),(3590,_binary '\0','C20',40,3),(3591,_binary '\0','C21',40,3),(3592,_binary '\0','C22',40,3),(3593,_binary '\0','C23',40,3),(3594,_binary '\0','C24',40,3),(3595,_binary '\0','C25',40,3),(3596,_binary '\0','C26',40,3),(3597,_binary '\0','C27',40,3),(3598,_binary '\0','C28',40,3),(3599,_binary '\0','C29',40,3),(3600,_binary '\0','C30',40,3),(3601,_binary '\0','A1',41,1),(3602,_binary '\0','A2',41,1),(3603,_binary '\0','A3',41,1),(3604,_binary '\0','A4',41,1),(3605,_binary '\0','A5',41,1),(3606,_binary '\0','A6',41,1),(3607,_binary '\0','A7',41,1),(3608,_binary '\0','A8',41,1),(3609,_binary '\0','A9',41,1),(3610,_binary '\0','A10',41,1),(3611,_binary '\0','A11',41,1),(3612,_binary '\0','A12',41,1),(3613,_binary '\0','A13',41,1),(3614,_binary '\0','A14',41,1),(3615,_binary '\0','A15',41,1),(3616,_binary '\0','A16',41,1),(3617,_binary '\0','A17',41,1),(3618,_binary '\0','A18',41,1),(3619,_binary '\0','A19',41,1),(3620,_binary '\0','A20',41,1),(3621,_binary '\0','A21',41,1),(3622,_binary '\0','A22',41,1),(3623,_binary '\0','A23',41,1),(3624,_binary '\0','A24',41,1),(3625,_binary '\0','A25',41,1),(3626,_binary '\0','A26',41,1),(3627,_binary '\0','A27',41,1),(3628,_binary '\0','A28',41,1),(3629,_binary '\0','A29',41,1),(3630,_binary '\0','A30',41,1),(3631,_binary '\0','B1',41,2),(3632,_binary '\0','B2',41,2),(3633,_binary '\0','B3',41,2),(3634,_binary '\0','B4',41,2),(3635,_binary '\0','B5',41,2),(3636,_binary '\0','B6',41,2),(3637,_binary '\0','B7',41,2),(3638,_binary '\0','B8',41,2),(3639,_binary '\0','B9',41,2),(3640,_binary '\0','B10',41,2),(3641,_binary '\0','B11',41,2),(3642,_binary '\0','B12',41,2),(3643,_binary '\0','B13',41,2),(3644,_binary '\0','B14',41,2),(3645,_binary '\0','B15',41,2),(3646,_binary '\0','B16',41,2),(3647,_binary '\0','B17',41,2),(3648,_binary '\0','B18',41,2),(3649,_binary '\0','B19',41,2),(3650,_binary '\0','B20',41,2),(3651,_binary '\0','B21',41,2),(3652,_binary '\0','B22',41,2),(3653,_binary '\0','B23',41,2),(3654,_binary '\0','B24',41,2),(3655,_binary '\0','B25',41,2),(3656,_binary '\0','B26',41,2),(3657,_binary '\0','B27',41,2),(3658,_binary '\0','B28',41,2),(3659,_binary '\0','B29',41,2),(3660,_binary '\0','B30',41,2),(3661,_binary '\0','C1',41,3),(3662,_binary '\0','C2',41,3),(3663,_binary '\0','C3',41,3),(3664,_binary '\0','C4',41,3),(3665,_binary '\0','C5',41,3),(3666,_binary '\0','C6',41,3),(3667,_binary '\0','C7',41,3),(3668,_binary '\0','C8',41,3),(3669,_binary '\0','C9',41,3),(3670,_binary '\0','C10',41,3),(3671,_binary '\0','C11',41,3),(3672,_binary '\0','C12',41,3),(3673,_binary '\0','C13',41,3),(3674,_binary '\0','C14',41,3),(3675,_binary '\0','C15',41,3),(3676,_binary '\0','C16',41,3),(3677,_binary '\0','C17',41,3),(3678,_binary '\0','C18',41,3),(3679,_binary '\0','C19',41,3),(3680,_binary '\0','C20',41,3),(3681,_binary '\0','C21',41,3),(3682,_binary '\0','C22',41,3),(3683,_binary '\0','C23',41,3),(3684,_binary '\0','C24',41,3),(3685,_binary '\0','C25',41,3),(3686,_binary '\0','C26',41,3),(3687,_binary '\0','C27',41,3),(3688,_binary '\0','C28',41,3),(3689,_binary '\0','C29',41,3),(3690,_binary '\0','C30',41,3),(3691,_binary '\0','A1',42,1),(3692,_binary '\0','A2',42,1),(3693,_binary '\0','A3',42,1),(3694,_binary '\0','A4',42,1),(3695,_binary '\0','A5',42,1),(3696,_binary '\0','A6',42,1),(3697,_binary '\0','A7',42,1),(3698,_binary '\0','A8',42,1),(3699,_binary '\0','A9',42,1),(3700,_binary '\0','A10',42,1),(3701,_binary '\0','A11',42,1),(3702,_binary '\0','A12',42,1),(3703,_binary '\0','A13',42,1),(3704,_binary '\0','A14',42,1),(3705,_binary '\0','A15',42,1),(3706,_binary '\0','A16',42,1),(3707,_binary '\0','A17',42,1),(3708,_binary '\0','A18',42,1),(3709,_binary '\0','A19',42,1),(3710,_binary '\0','A20',42,1),(3711,_binary '\0','A21',42,1),(3712,_binary '\0','A22',42,1),(3713,_binary '\0','A23',42,1),(3714,_binary '\0','A24',42,1),(3715,_binary '\0','A25',42,1),(3716,_binary '\0','A26',42,1),(3717,_binary '\0','A27',42,1),(3718,_binary '\0','A28',42,1),(3719,_binary '\0','A29',42,1),(3720,_binary '\0','A30',42,1),(3721,_binary '\0','B1',42,2),(3722,_binary '\0','B2',42,2),(3723,_binary '\0','B3',42,2),(3724,_binary '\0','B4',42,2),(3725,_binary '\0','B5',42,2),(3726,_binary '\0','B6',42,2),(3727,_binary '\0','B7',42,2),(3728,_binary '\0','B8',42,2),(3729,_binary '\0','B9',42,2),(3730,_binary '\0','B10',42,2),(3731,_binary '\0','B11',42,2),(3732,_binary '\0','B12',42,2),(3733,_binary '\0','B13',42,2),(3734,_binary '\0','B14',42,2),(3735,_binary '\0','B15',42,2),(3736,_binary '\0','B16',42,2),(3737,_binary '\0','B17',42,2),(3738,_binary '\0','B18',42,2),(3739,_binary '\0','B19',42,2),(3740,_binary '\0','B20',42,2),(3741,_binary '\0','B21',42,2),(3742,_binary '\0','B22',42,2),(3743,_binary '\0','B23',42,2),(3744,_binary '\0','B24',42,2),(3745,_binary '\0','B25',42,2),(3746,_binary '\0','B26',42,2),(3747,_binary '\0','B27',42,2),(3748,_binary '\0','B28',42,2),(3749,_binary '\0','B29',42,2),(3750,_binary '\0','B30',42,2),(3751,_binary '\0','C1',42,3),(3752,_binary '\0','C2',42,3),(3753,_binary '\0','C3',42,3),(3754,_binary '\0','C4',42,3),(3755,_binary '\0','C5',42,3),(3756,_binary '\0','C6',42,3),(3757,_binary '\0','C7',42,3),(3758,_binary '\0','C8',42,3),(3759,_binary '\0','C9',42,3),(3760,_binary '\0','C10',42,3),(3761,_binary '\0','C11',42,3),(3762,_binary '\0','C12',42,3),(3763,_binary '\0','C13',42,3),(3764,_binary '\0','C14',42,3),(3765,_binary '\0','C15',42,3),(3766,_binary '\0','C16',42,3),(3767,_binary '\0','C17',42,3),(3768,_binary '\0','C18',42,3),(3769,_binary '\0','C19',42,3),(3770,_binary '\0','C20',42,3),(3771,_binary '\0','C21',42,3),(3772,_binary '\0','C22',42,3),(3773,_binary '\0','C23',42,3),(3774,_binary '\0','C24',42,3),(3775,_binary '\0','C25',42,3),(3776,_binary '\0','C26',42,3),(3777,_binary '\0','C27',42,3),(3778,_binary '\0','C28',42,3),(3779,_binary '\0','C29',42,3),(3780,_binary '\0','C30',42,3),(3781,_binary '\0','A1',43,1),(3782,_binary '\0','A2',43,1),(3783,_binary '\0','A3',43,1),(3784,_binary '\0','A4',43,1),(3785,_binary '\0','A5',43,1),(3786,_binary '\0','A6',43,1),(3787,_binary '\0','A7',43,1),(3788,_binary '\0','A8',43,1),(3789,_binary '\0','A9',43,1),(3790,_binary '\0','A10',43,1),(3791,_binary '\0','A11',43,1),(3792,_binary '\0','A12',43,1),(3793,_binary '\0','A13',43,1),(3794,_binary '\0','A14',43,1),(3795,_binary '\0','A15',43,1),(3796,_binary '\0','A16',43,1),(3797,_binary '\0','A17',43,1),(3798,_binary '\0','A18',43,1),(3799,_binary '\0','A19',43,1),(3800,_binary '\0','A20',43,1),(3801,_binary '\0','A21',43,1),(3802,_binary '\0','A22',43,1),(3803,_binary '\0','A23',43,1),(3804,_binary '\0','A24',43,1),(3805,_binary '\0','A25',43,1),(3806,_binary '\0','A26',43,1),(3807,_binary '\0','A27',43,1),(3808,_binary '\0','A28',43,1),(3809,_binary '\0','A29',43,1),(3810,_binary '\0','A30',43,1),(3811,_binary '\0','B1',43,2),(3812,_binary '\0','B2',43,2),(3813,_binary '\0','B3',43,2),(3814,_binary '\0','B4',43,2),(3815,_binary '\0','B5',43,2),(3816,_binary '\0','B6',43,2),(3817,_binary '\0','B7',43,2),(3818,_binary '\0','B8',43,2),(3819,_binary '\0','B9',43,2),(3820,_binary '\0','B10',43,2),(3821,_binary '\0','B11',43,2),(3822,_binary '\0','B12',43,2),(3823,_binary '\0','B13',43,2),(3824,_binary '\0','B14',43,2),(3825,_binary '\0','B15',43,2),(3826,_binary '\0','B16',43,2),(3827,_binary '\0','B17',43,2),(3828,_binary '\0','B18',43,2),(3829,_binary '\0','B19',43,2),(3830,_binary '\0','B20',43,2),(3831,_binary '\0','B21',43,2),(3832,_binary '\0','B22',43,2),(3833,_binary '\0','B23',43,2),(3834,_binary '\0','B24',43,2),(3835,_binary '\0','B25',43,2),(3836,_binary '\0','B26',43,2),(3837,_binary '\0','B27',43,2),(3838,_binary '\0','B28',43,2),(3839,_binary '\0','B29',43,2),(3840,_binary '\0','B30',43,2),(3841,_binary '\0','C1',43,3),(3842,_binary '\0','C2',43,3),(3843,_binary '\0','C3',43,3),(3844,_binary '\0','C4',43,3),(3845,_binary '\0','C5',43,3),(3846,_binary '\0','C6',43,3),(3847,_binary '\0','C7',43,3),(3848,_binary '\0','C8',43,3),(3849,_binary '\0','C9',43,3),(3850,_binary '\0','C10',43,3),(3851,_binary '\0','C11',43,3),(3852,_binary '\0','C12',43,3),(3853,_binary '\0','C13',43,3),(3854,_binary '\0','C14',43,3),(3855,_binary '\0','C15',43,3),(3856,_binary '','C16',43,3),(3857,_binary '','C17',43,3),(3858,_binary '\0','C18',43,3),(3859,_binary '\0','C19',43,3),(3860,_binary '\0','C20',43,3),(3861,_binary '\0','C21',43,3),(3862,_binary '\0','C22',43,3),(3863,_binary '\0','C23',43,3),(3864,_binary '\0','C24',43,3),(3865,_binary '\0','C25',43,3),(3866,_binary '\0','C26',43,3),(3867,_binary '\0','C27',43,3),(3868,_binary '\0','C28',43,3),(3869,_binary '\0','C29',43,3),(3870,_binary '\0','C30',43,3),(3871,_binary '\0','A1',44,1),(3872,_binary '\0','A2',44,1),(3873,_binary '\0','A3',44,1),(3874,_binary '\0','A4',44,1),(3875,_binary '\0','A5',44,1),(3876,_binary '\0','A6',44,1),(3877,_binary '\0','A7',44,1),(3878,_binary '\0','A8',44,1),(3879,_binary '\0','A9',44,1),(3880,_binary '\0','A10',44,1),(3881,_binary '\0','A11',44,1),(3882,_binary '\0','A12',44,1),(3883,_binary '\0','A13',44,1),(3884,_binary '\0','A14',44,1),(3885,_binary '\0','A15',44,1),(3886,_binary '\0','A16',44,1),(3887,_binary '\0','A17',44,1),(3888,_binary '\0','A18',44,1),(3889,_binary '\0','A19',44,1),(3890,_binary '\0','A20',44,1),(3891,_binary '\0','A21',44,1),(3892,_binary '\0','A22',44,1),(3893,_binary '\0','A23',44,1),(3894,_binary '\0','A24',44,1),(3895,_binary '\0','A25',44,1),(3896,_binary '\0','A26',44,1),(3897,_binary '\0','A27',44,1),(3898,_binary '\0','A28',44,1),(3899,_binary '\0','A29',44,1),(3900,_binary '\0','A30',44,1),(3901,_binary '\0','B1',44,2),(3902,_binary '\0','B2',44,2),(3903,_binary '\0','B3',44,2),(3904,_binary '\0','B4',44,2),(3905,_binary '\0','B5',44,2),(3906,_binary '\0','B6',44,2),(3907,_binary '\0','B7',44,2),(3908,_binary '\0','B8',44,2),(3909,_binary '\0','B9',44,2),(3910,_binary '\0','B10',44,2),(3911,_binary '\0','B11',44,2),(3912,_binary '\0','B12',44,2),(3913,_binary '\0','B13',44,2),(3914,_binary '\0','B14',44,2),(3915,_binary '\0','B15',44,2),(3916,_binary '\0','B16',44,2),(3917,_binary '\0','B17',44,2),(3918,_binary '\0','B18',44,2),(3919,_binary '\0','B19',44,2),(3920,_binary '\0','B20',44,2),(3921,_binary '\0','B21',44,2),(3922,_binary '\0','B22',44,2),(3923,_binary '\0','B23',44,2),(3924,_binary '\0','B24',44,2),(3925,_binary '\0','B25',44,2),(3926,_binary '\0','B26',44,2),(3927,_binary '\0','B27',44,2),(3928,_binary '\0','B28',44,2),(3929,_binary '\0','B29',44,2),(3930,_binary '\0','B30',44,2),(3931,_binary '\0','C1',44,3),(3932,_binary '\0','C2',44,3),(3933,_binary '\0','C3',44,3),(3934,_binary '\0','C4',44,3),(3935,_binary '\0','C5',44,3),(3936,_binary '\0','C6',44,3),(3937,_binary '\0','C7',44,3),(3938,_binary '\0','C8',44,3),(3939,_binary '\0','C9',44,3),(3940,_binary '\0','C10',44,3),(3941,_binary '\0','C11',44,3),(3942,_binary '\0','C12',44,3),(3943,_binary '\0','C13',44,3),(3944,_binary '\0','C14',44,3),(3945,_binary '\0','C15',44,3),(3946,_binary '\0','C16',44,3),(3947,_binary '\0','C17',44,3),(3948,_binary '\0','C18',44,3),(3949,_binary '\0','C19',44,3),(3950,_binary '\0','C20',44,3),(3951,_binary '\0','C21',44,3),(3952,_binary '\0','C22',44,3),(3953,_binary '\0','C23',44,3),(3954,_binary '\0','C24',44,3),(3955,_binary '\0','C25',44,3),(3956,_binary '\0','C26',44,3),(3957,_binary '\0','C27',44,3),(3958,_binary '\0','C28',44,3),(3959,_binary '\0','C29',44,3),(3960,_binary '\0','C30',44,3),(3961,_binary '\0','A1',45,1),(3962,_binary '\0','A2',45,1),(3963,_binary '\0','A3',45,1),(3964,_binary '\0','A4',45,1),(3965,_binary '\0','A5',45,1),(3966,_binary '\0','A6',45,1),(3967,_binary '\0','A7',45,1),(3968,_binary '\0','A8',45,1),(3969,_binary '\0','A9',45,1),(3970,_binary '\0','A10',45,1),(3971,_binary '\0','A11',45,1),(3972,_binary '\0','A12',45,1),(3973,_binary '\0','A13',45,1),(3974,_binary '\0','A14',45,1),(3975,_binary '\0','A15',45,1),(3976,_binary '\0','A16',45,1),(3977,_binary '\0','A17',45,1),(3978,_binary '\0','A18',45,1),(3979,_binary '\0','A19',45,1),(3980,_binary '\0','A20',45,1),(3981,_binary '\0','A21',45,1),(3982,_binary '\0','A22',45,1),(3983,_binary '\0','A23',45,1),(3984,_binary '\0','A24',45,1),(3985,_binary '\0','A25',45,1),(3986,_binary '\0','A26',45,1),(3987,_binary '\0','A27',45,1),(3988,_binary '\0','A28',45,1),(3989,_binary '\0','A29',45,1),(3990,_binary '\0','A30',45,1),(3991,_binary '\0','B1',45,2),(3992,_binary '\0','B2',45,2),(3993,_binary '\0','B3',45,2),(3994,_binary '\0','B4',45,2),(3995,_binary '\0','B5',45,2),(3996,_binary '\0','B6',45,2),(3997,_binary '\0','B7',45,2),(3998,_binary '\0','B8',45,2),(3999,_binary '\0','B9',45,2),(4000,_binary '\0','B10',45,2),(4001,_binary '\0','B11',45,2),(4002,_binary '\0','B12',45,2),(4003,_binary '\0','B13',45,2),(4004,_binary '\0','B14',45,2),(4005,_binary '\0','B15',45,2),(4006,_binary '\0','B16',45,2),(4007,_binary '\0','B17',45,2),(4008,_binary '\0','B18',45,2),(4009,_binary '\0','B19',45,2),(4010,_binary '\0','B20',45,2),(4011,_binary '\0','B21',45,2),(4012,_binary '\0','B22',45,2),(4013,_binary '\0','B23',45,2),(4014,_binary '\0','B24',45,2),(4015,_binary '\0','B25',45,2),(4016,_binary '\0','B26',45,2),(4017,_binary '\0','B27',45,2),(4018,_binary '\0','B28',45,2),(4019,_binary '\0','B29',45,2),(4020,_binary '\0','B30',45,2),(4021,_binary '\0','C1',45,3),(4022,_binary '\0','C2',45,3),(4023,_binary '\0','C3',45,3),(4024,_binary '\0','C4',45,3),(4025,_binary '\0','C5',45,3),(4026,_binary '\0','C6',45,3),(4027,_binary '\0','C7',45,3),(4028,_binary '\0','C8',45,3),(4029,_binary '\0','C9',45,3),(4030,_binary '\0','C10',45,3),(4031,_binary '\0','C11',45,3),(4032,_binary '\0','C12',45,3),(4033,_binary '\0','C13',45,3),(4034,_binary '\0','C14',45,3),(4035,_binary '\0','C15',45,3),(4036,_binary '\0','C16',45,3),(4037,_binary '\0','C17',45,3),(4038,_binary '\0','C18',45,3),(4039,_binary '\0','C19',45,3),(4040,_binary '\0','C20',45,3),(4041,_binary '\0','C21',45,3),(4042,_binary '\0','C22',45,3),(4043,_binary '\0','C23',45,3),(4044,_binary '\0','C24',45,3),(4045,_binary '\0','C25',45,3),(4046,_binary '\0','C26',45,3),(4047,_binary '\0','C27',45,3),(4048,_binary '\0','C28',45,3),(4049,_binary '\0','C29',45,3),(4050,_binary '\0','C30',45,3),(4051,_binary '\0','A1',46,1),(4052,_binary '\0','A2',46,1),(4053,_binary '\0','A3',46,1),(4054,_binary '\0','A4',46,1),(4055,_binary '\0','A5',46,1),(4056,_binary '\0','A6',46,1),(4057,_binary '\0','A7',46,1),(4058,_binary '\0','A8',46,1),(4059,_binary '\0','A9',46,1),(4060,_binary '\0','A10',46,1),(4061,_binary '\0','A11',46,1),(4062,_binary '\0','A12',46,1),(4063,_binary '\0','A13',46,1),(4064,_binary '\0','A14',46,1),(4065,_binary '\0','A15',46,1),(4066,_binary '\0','A16',46,1),(4067,_binary '\0','A17',46,1),(4068,_binary '\0','A18',46,1),(4069,_binary '\0','A19',46,1),(4070,_binary '\0','A20',46,1),(4071,_binary '\0','A21',46,1),(4072,_binary '\0','A22',46,1),(4073,_binary '\0','A23',46,1),(4074,_binary '\0','A24',46,1),(4075,_binary '\0','A25',46,1),(4076,_binary '\0','A26',46,1),(4077,_binary '\0','A27',46,1),(4078,_binary '\0','A28',46,1),(4079,_binary '\0','A29',46,1),(4080,_binary '\0','A30',46,1),(4081,_binary '\0','B1',46,2),(4082,_binary '\0','B2',46,2),(4083,_binary '\0','B3',46,2),(4084,_binary '\0','B4',46,2),(4085,_binary '\0','B5',46,2),(4086,_binary '\0','B6',46,2),(4087,_binary '\0','B7',46,2),(4088,_binary '\0','B8',46,2),(4089,_binary '\0','B9',46,2),(4090,_binary '\0','B10',46,2),(4091,_binary '\0','B11',46,2),(4092,_binary '\0','B12',46,2),(4093,_binary '\0','B13',46,2),(4094,_binary '\0','B14',46,2),(4095,_binary '\0','B15',46,2),(4096,_binary '\0','B16',46,2),(4097,_binary '\0','B17',46,2),(4098,_binary '\0','B18',46,2),(4099,_binary '\0','B19',46,2),(4100,_binary '\0','B20',46,2),(4101,_binary '\0','B21',46,2),(4102,_binary '\0','B22',46,2),(4103,_binary '\0','B23',46,2),(4104,_binary '\0','B24',46,2),(4105,_binary '\0','B25',46,2),(4106,_binary '\0','B26',46,2),(4107,_binary '\0','B27',46,2),(4108,_binary '\0','B28',46,2),(4109,_binary '\0','B29',46,2),(4110,_binary '\0','B30',46,2),(4111,_binary '\0','C1',46,3),(4112,_binary '\0','C2',46,3),(4113,_binary '\0','C3',46,3),(4114,_binary '\0','C4',46,3),(4115,_binary '\0','C5',46,3),(4116,_binary '\0','C6',46,3),(4117,_binary '\0','C7',46,3),(4118,_binary '\0','C8',46,3),(4119,_binary '\0','C9',46,3),(4120,_binary '\0','C10',46,3),(4121,_binary '\0','C11',46,3),(4122,_binary '\0','C12',46,3),(4123,_binary '\0','C13',46,3),(4124,_binary '\0','C14',46,3),(4125,_binary '\0','C15',46,3),(4126,_binary '\0','C16',46,3),(4127,_binary '\0','C17',46,3),(4128,_binary '\0','C18',46,3),(4129,_binary '\0','C19',46,3),(4130,_binary '\0','C20',46,3),(4131,_binary '\0','C21',46,3),(4132,_binary '\0','C22',46,3),(4133,_binary '\0','C23',46,3),(4134,_binary '\0','C24',46,3),(4135,_binary '\0','C25',46,3),(4136,_binary '\0','C26',46,3),(4137,_binary '\0','C27',46,3),(4138,_binary '\0','C28',46,3),(4139,_binary '\0','C29',46,3),(4140,_binary '\0','C30',46,3),(4141,_binary '\0','A1',47,1),(4142,_binary '\0','A2',47,1),(4143,_binary '\0','A3',47,1),(4144,_binary '\0','A4',47,1),(4145,_binary '\0','A5',47,1),(4146,_binary '\0','A6',47,1),(4147,_binary '\0','A7',47,1),(4148,_binary '\0','A8',47,1),(4149,_binary '\0','A9',47,1),(4150,_binary '\0','A10',47,1),(4151,_binary '\0','A11',47,1),(4152,_binary '\0','A12',47,1),(4153,_binary '\0','A13',47,1),(4154,_binary '\0','A14',47,1),(4155,_binary '\0','A15',47,1),(4156,_binary '\0','A16',47,1),(4157,_binary '\0','A17',47,1),(4158,_binary '\0','A18',47,1),(4159,_binary '\0','A19',47,1),(4160,_binary '\0','A20',47,1),(4161,_binary '\0','A21',47,1),(4162,_binary '\0','A22',47,1),(4163,_binary '\0','A23',47,1),(4164,_binary '\0','A24',47,1),(4165,_binary '\0','A25',47,1),(4166,_binary '\0','A26',47,1),(4167,_binary '\0','A27',47,1),(4168,_binary '\0','A28',47,1),(4169,_binary '\0','A29',47,1),(4170,_binary '\0','A30',47,1),(4171,_binary '\0','B1',47,2),(4172,_binary '\0','B2',47,2),(4173,_binary '\0','B3',47,2),(4174,_binary '\0','B4',47,2),(4175,_binary '\0','B5',47,2),(4176,_binary '\0','B6',47,2),(4177,_binary '\0','B7',47,2),(4178,_binary '\0','B8',47,2),(4179,_binary '\0','B9',47,2),(4180,_binary '\0','B10',47,2),(4181,_binary '\0','B11',47,2),(4182,_binary '\0','B12',47,2),(4183,_binary '\0','B13',47,2),(4184,_binary '\0','B14',47,2),(4185,_binary '\0','B15',47,2),(4186,_binary '\0','B16',47,2),(4187,_binary '\0','B17',47,2),(4188,_binary '\0','B18',47,2),(4189,_binary '\0','B19',47,2),(4190,_binary '\0','B20',47,2),(4191,_binary '\0','B21',47,2),(4192,_binary '\0','B22',47,2),(4193,_binary '\0','B23',47,2),(4194,_binary '\0','B24',47,2),(4195,_binary '\0','B25',47,2),(4196,_binary '\0','B26',47,2),(4197,_binary '\0','B27',47,2),(4198,_binary '\0','B28',47,2),(4199,_binary '\0','B29',47,2),(4200,_binary '\0','B30',47,2),(4201,_binary '\0','C1',47,3),(4202,_binary '\0','C2',47,3),(4203,_binary '\0','C3',47,3),(4204,_binary '\0','C4',47,3),(4205,_binary '\0','C5',47,3),(4206,_binary '\0','C6',47,3),(4207,_binary '\0','C7',47,3),(4208,_binary '\0','C8',47,3),(4209,_binary '\0','C9',47,3),(4210,_binary '\0','C10',47,3),(4211,_binary '\0','C11',47,3),(4212,_binary '\0','C12',47,3),(4213,_binary '\0','C13',47,3),(4214,_binary '\0','C14',47,3),(4215,_binary '\0','C15',47,3),(4216,_binary '\0','C16',47,3),(4217,_binary '\0','C17',47,3),(4218,_binary '\0','C18',47,3),(4219,_binary '\0','C19',47,3),(4220,_binary '\0','C20',47,3),(4221,_binary '\0','C21',47,3),(4222,_binary '\0','C22',47,3),(4223,_binary '\0','C23',47,3),(4224,_binary '\0','C24',47,3),(4225,_binary '\0','C25',47,3),(4226,_binary '\0','C26',47,3),(4227,_binary '\0','C27',47,3),(4228,_binary '\0','C28',47,3),(4229,_binary '\0','C29',47,3),(4230,_binary '\0','C30',47,3),(4231,_binary '\0','A1',48,1),(4232,_binary '\0','A2',48,1),(4233,_binary '\0','A3',48,1),(4234,_binary '\0','A4',48,1),(4235,_binary '\0','A5',48,1),(4236,_binary '\0','A6',48,1),(4237,_binary '\0','A7',48,1),(4238,_binary '\0','A8',48,1),(4239,_binary '\0','A9',48,1),(4240,_binary '\0','A10',48,1),(4241,_binary '\0','A11',48,1),(4242,_binary '\0','A12',48,1),(4243,_binary '\0','A13',48,1),(4244,_binary '\0','A14',48,1),(4245,_binary '\0','A15',48,1),(4246,_binary '\0','A16',48,1),(4247,_binary '\0','A17',48,1),(4248,_binary '\0','A18',48,1),(4249,_binary '\0','A19',48,1),(4250,_binary '\0','A20',48,1),(4251,_binary '\0','A21',48,1),(4252,_binary '\0','A22',48,1),(4253,_binary '\0','A23',48,1),(4254,_binary '\0','A24',48,1),(4255,_binary '\0','A25',48,1),(4256,_binary '\0','A26',48,1),(4257,_binary '\0','A27',48,1),(4258,_binary '\0','A28',48,1),(4259,_binary '\0','A29',48,1),(4260,_binary '\0','A30',48,1),(4261,_binary '\0','B1',48,2),(4262,_binary '\0','B2',48,2),(4263,_binary '\0','B3',48,2),(4264,_binary '\0','B4',48,2),(4265,_binary '\0','B5',48,2),(4266,_binary '\0','B6',48,2),(4267,_binary '\0','B7',48,2),(4268,_binary '\0','B8',48,2),(4269,_binary '\0','B9',48,2),(4270,_binary '\0','B10',48,2),(4271,_binary '\0','B11',48,2),(4272,_binary '\0','B12',48,2),(4273,_binary '\0','B13',48,2),(4274,_binary '\0','B14',48,2),(4275,_binary '\0','B15',48,2),(4276,_binary '\0','B16',48,2),(4277,_binary '\0','B17',48,2),(4278,_binary '\0','B18',48,2),(4279,_binary '\0','B19',48,2),(4280,_binary '\0','B20',48,2),(4281,_binary '\0','B21',48,2),(4282,_binary '\0','B22',48,2),(4283,_binary '\0','B23',48,2),(4284,_binary '\0','B24',48,2),(4285,_binary '\0','B25',48,2),(4286,_binary '\0','B26',48,2),(4287,_binary '\0','B27',48,2),(4288,_binary '\0','B28',48,2),(4289,_binary '\0','B29',48,2),(4290,_binary '\0','B30',48,2),(4291,_binary '\0','C1',48,3),(4292,_binary '\0','C2',48,3),(4293,_binary '\0','C3',48,3),(4294,_binary '\0','C4',48,3),(4295,_binary '\0','C5',48,3),(4296,_binary '\0','C6',48,3),(4297,_binary '\0','C7',48,3),(4298,_binary '\0','C8',48,3),(4299,_binary '\0','C9',48,3),(4300,_binary '\0','C10',48,3),(4301,_binary '\0','C11',48,3),(4302,_binary '\0','C12',48,3),(4303,_binary '\0','C13',48,3),(4304,_binary '\0','C14',48,3),(4305,_binary '\0','C15',48,3),(4306,_binary '\0','C16',48,3),(4307,_binary '\0','C17',48,3),(4308,_binary '\0','C18',48,3),(4309,_binary '\0','C19',48,3),(4310,_binary '\0','C20',48,3),(4311,_binary '\0','C21',48,3),(4312,_binary '\0','C22',48,3),(4313,_binary '\0','C23',48,3),(4314,_binary '\0','C24',48,3),(4315,_binary '\0','C25',48,3),(4316,_binary '\0','C26',48,3),(4317,_binary '\0','C27',48,3),(4318,_binary '\0','C28',48,3),(4319,_binary '\0','C29',48,3),(4320,_binary '\0','C30',48,3),(4321,_binary '\0','A1',49,1),(4322,_binary '\0','A2',49,1),(4323,_binary '\0','A3',49,1),(4324,_binary '\0','A4',49,1),(4325,_binary '\0','A5',49,1),(4326,_binary '\0','A6',49,1),(4327,_binary '\0','A7',49,1),(4328,_binary '\0','A8',49,1),(4329,_binary '\0','A9',49,1),(4330,_binary '\0','A10',49,1),(4331,_binary '\0','A11',49,1),(4332,_binary '\0','A12',49,1),(4333,_binary '\0','A13',49,1),(4334,_binary '\0','A14',49,1),(4335,_binary '\0','A15',49,1),(4336,_binary '\0','A16',49,1),(4337,_binary '\0','A17',49,1),(4338,_binary '\0','A18',49,1),(4339,_binary '\0','A19',49,1),(4340,_binary '\0','A20',49,1),(4341,_binary '\0','A21',49,1),(4342,_binary '\0','A22',49,1),(4343,_binary '\0','A23',49,1),(4344,_binary '\0','A24',49,1),(4345,_binary '\0','A25',49,1),(4346,_binary '\0','A26',49,1),(4347,_binary '\0','A27',49,1),(4348,_binary '\0','A28',49,1),(4349,_binary '\0','A29',49,1),(4350,_binary '\0','A30',49,1),(4351,_binary '\0','B1',49,2),(4352,_binary '\0','B2',49,2),(4353,_binary '\0','B3',49,2),(4354,_binary '\0','B4',49,2),(4355,_binary '\0','B5',49,2),(4356,_binary '\0','B6',49,2),(4357,_binary '\0','B7',49,2),(4358,_binary '\0','B8',49,2),(4359,_binary '\0','B9',49,2),(4360,_binary '\0','B10',49,2),(4361,_binary '\0','B11',49,2),(4362,_binary '\0','B12',49,2),(4363,_binary '','B13',49,2),(4364,_binary '','B14',49,2),(4365,_binary '\0','B15',49,2),(4366,_binary '\0','B16',49,2),(4367,_binary '\0','B17',49,2),(4368,_binary '\0','B18',49,2),(4369,_binary '\0','B19',49,2),(4370,_binary '\0','B20',49,2),(4371,_binary '\0','B21',49,2),(4372,_binary '\0','B22',49,2),(4373,_binary '\0','B23',49,2),(4374,_binary '\0','B24',49,2),(4375,_binary '\0','B25',49,2),(4376,_binary '\0','B26',49,2),(4377,_binary '\0','B27',49,2),(4378,_binary '\0','B28',49,2),(4379,_binary '\0','B29',49,2),(4380,_binary '\0','B30',49,2),(4381,_binary '\0','C1',49,3),(4382,_binary '\0','C2',49,3),(4383,_binary '\0','C3',49,3),(4384,_binary '\0','C4',49,3),(4385,_binary '\0','C5',49,3),(4386,_binary '\0','C6',49,3),(4387,_binary '\0','C7',49,3),(4388,_binary '\0','C8',49,3),(4389,_binary '\0','C9',49,3),(4390,_binary '\0','C10',49,3),(4391,_binary '\0','C11',49,3),(4392,_binary '\0','C12',49,3),(4393,_binary '\0','C13',49,3),(4394,_binary '\0','C14',49,3),(4395,_binary '\0','C15',49,3),(4396,_binary '\0','C16',49,3),(4397,_binary '\0','C17',49,3),(4398,_binary '\0','C18',49,3),(4399,_binary '\0','C19',49,3),(4400,_binary '\0','C20',49,3),(4401,_binary '\0','C21',49,3),(4402,_binary '\0','C22',49,3),(4403,_binary '\0','C23',49,3),(4404,_binary '\0','C24',49,3),(4405,_binary '\0','C25',49,3),(4406,_binary '\0','C26',49,3),(4407,_binary '\0','C27',49,3),(4408,_binary '\0','C28',49,3),(4409,_binary '\0','C29',49,3),(4410,_binary '\0','C30',49,3),(4411,_binary '\0','A1',50,1),(4412,_binary '\0','A2',50,1),(4413,_binary '\0','A3',50,1),(4414,_binary '\0','A4',50,1),(4415,_binary '\0','A5',50,1),(4416,_binary '\0','A6',50,1),(4417,_binary '\0','A7',50,1),(4418,_binary '\0','A8',50,1),(4419,_binary '\0','A9',50,1),(4420,_binary '\0','A10',50,1),(4421,_binary '\0','A11',50,1),(4422,_binary '\0','A12',50,1),(4423,_binary '\0','A13',50,1),(4424,_binary '\0','A14',50,1),(4425,_binary '\0','A15',50,1),(4426,_binary '\0','A16',50,1),(4427,_binary '\0','A17',50,1),(4428,_binary '\0','A18',50,1),(4429,_binary '\0','A19',50,1),(4430,_binary '\0','A20',50,1),(4431,_binary '\0','A21',50,1),(4432,_binary '\0','A22',50,1),(4433,_binary '\0','A23',50,1),(4434,_binary '\0','A24',50,1),(4435,_binary '\0','A25',50,1),(4436,_binary '\0','A26',50,1),(4437,_binary '\0','A27',50,1),(4438,_binary '\0','A28',50,1),(4439,_binary '\0','A29',50,1),(4440,_binary '\0','A30',50,1),(4441,_binary '\0','B1',50,2),(4442,_binary '\0','B2',50,2),(4443,_binary '\0','B3',50,2),(4444,_binary '\0','B4',50,2),(4445,_binary '\0','B5',50,2),(4446,_binary '\0','B6',50,2),(4447,_binary '\0','B7',50,2),(4448,_binary '\0','B8',50,2),(4449,_binary '\0','B9',50,2),(4450,_binary '\0','B10',50,2),(4451,_binary '\0','B11',50,2),(4452,_binary '','B12',50,2),(4453,_binary '','B13',50,2),(4454,_binary '\0','B14',50,2),(4455,_binary '\0','B15',50,2),(4456,_binary '\0','B16',50,2),(4457,_binary '\0','B17',50,2),(4458,_binary '\0','B18',50,2),(4459,_binary '\0','B19',50,2),(4460,_binary '\0','B20',50,2),(4461,_binary '\0','B21',50,2),(4462,_binary '\0','B22',50,2),(4463,_binary '\0','B23',50,2),(4464,_binary '\0','B24',50,2),(4465,_binary '\0','B25',50,2),(4466,_binary '\0','B26',50,2),(4467,_binary '\0','B27',50,2),(4468,_binary '\0','B28',50,2),(4469,_binary '\0','B29',50,2),(4470,_binary '\0','B30',50,2),(4471,_binary '\0','C1',50,3),(4472,_binary '\0','C2',50,3),(4473,_binary '\0','C3',50,3),(4474,_binary '\0','C4',50,3),(4475,_binary '\0','C5',50,3),(4476,_binary '\0','C6',50,3),(4477,_binary '\0','C7',50,3),(4478,_binary '\0','C8',50,3),(4479,_binary '\0','C9',50,3),(4480,_binary '\0','C10',50,3),(4481,_binary '\0','C11',50,3),(4482,_binary '\0','C12',50,3),(4483,_binary '\0','C13',50,3),(4484,_binary '\0','C14',50,3),(4485,_binary '\0','C15',50,3),(4486,_binary '\0','C16',50,3),(4487,_binary '\0','C17',50,3),(4488,_binary '\0','C18',50,3),(4489,_binary '\0','C19',50,3),(4490,_binary '\0','C20',50,3),(4491,_binary '\0','C21',50,3),(4492,_binary '\0','C22',50,3),(4493,_binary '\0','C23',50,3),(4494,_binary '\0','C24',50,3),(4495,_binary '\0','C25',50,3),(4496,_binary '\0','C26',50,3),(4497,_binary '\0','C27',50,3),(4498,_binary '\0','C28',50,3),(4499,_binary '\0','C29',50,3),(4500,_binary '\0','C30',50,3),(4501,_binary '\0','A1',51,1),(4502,_binary '\0','A2',51,1),(4503,_binary '\0','A3',51,1),(4504,_binary '\0','A4',51,1),(4505,_binary '\0','A5',51,1),(4506,_binary '\0','A6',51,1),(4507,_binary '\0','A7',51,1),(4508,_binary '\0','A8',51,1),(4509,_binary '\0','A9',51,1),(4510,_binary '\0','A10',51,1),(4511,_binary '\0','A11',51,1),(4512,_binary '\0','A12',51,1),(4513,_binary '\0','A13',51,1),(4514,_binary '\0','A14',51,1),(4515,_binary '\0','A15',51,1),(4516,_binary '\0','A16',51,1),(4517,_binary '\0','A17',51,1),(4518,_binary '\0','A18',51,1),(4519,_binary '\0','A19',51,1),(4520,_binary '\0','A20',51,1),(4521,_binary '\0','A21',51,1),(4522,_binary '\0','A22',51,1),(4523,_binary '\0','A23',51,1),(4524,_binary '\0','A24',51,1),(4525,_binary '\0','A25',51,1),(4526,_binary '\0','A26',51,1),(4527,_binary '\0','A27',51,1),(4528,_binary '\0','A28',51,1),(4529,_binary '\0','A29',51,1),(4530,_binary '\0','A30',51,1),(4531,_binary '\0','B1',51,2),(4532,_binary '\0','B2',51,2),(4533,_binary '\0','B3',51,2),(4534,_binary '\0','B4',51,2),(4535,_binary '\0','B5',51,2),(4536,_binary '\0','B6',51,2),(4537,_binary '\0','B7',51,2),(4538,_binary '\0','B8',51,2),(4539,_binary '\0','B9',51,2),(4540,_binary '\0','B10',51,2),(4541,_binary '\0','B11',51,2),(4542,_binary '\0','B12',51,2),(4543,_binary '\0','B13',51,2),(4544,_binary '\0','B14',51,2),(4545,_binary '\0','B15',51,2),(4546,_binary '\0','B16',51,2),(4547,_binary '\0','B17',51,2),(4548,_binary '\0','B18',51,2),(4549,_binary '\0','B19',51,2),(4550,_binary '\0','B20',51,2),(4551,_binary '\0','B21',51,2),(4552,_binary '\0','B22',51,2),(4553,_binary '\0','B23',51,2),(4554,_binary '\0','B24',51,2),(4555,_binary '\0','B25',51,2),(4556,_binary '\0','B26',51,2),(4557,_binary '\0','B27',51,2),(4558,_binary '\0','B28',51,2),(4559,_binary '\0','B29',51,2),(4560,_binary '\0','B30',51,2),(4561,_binary '\0','C1',51,3),(4562,_binary '\0','C2',51,3),(4563,_binary '\0','C3',51,3),(4564,_binary '\0','C4',51,3),(4565,_binary '\0','C5',51,3),(4566,_binary '\0','C6',51,3),(4567,_binary '\0','C7',51,3),(4568,_binary '\0','C8',51,3),(4569,_binary '\0','C9',51,3),(4570,_binary '\0','C10',51,3),(4571,_binary '\0','C11',51,3),(4572,_binary '\0','C12',51,3),(4573,_binary '\0','C13',51,3),(4574,_binary '\0','C14',51,3),(4575,_binary '\0','C15',51,3),(4576,_binary '\0','C16',51,3),(4577,_binary '\0','C17',51,3),(4578,_binary '\0','C18',51,3),(4579,_binary '\0','C19',51,3),(4580,_binary '\0','C20',51,3),(4581,_binary '\0','C21',51,3),(4582,_binary '\0','C22',51,3),(4583,_binary '\0','C23',51,3),(4584,_binary '\0','C24',51,3),(4585,_binary '\0','C25',51,3),(4586,_binary '\0','C26',51,3),(4587,_binary '\0','C27',51,3),(4588,_binary '\0','C28',51,3),(4589,_binary '\0','C29',51,3),(4590,_binary '\0','C30',51,3),(4591,_binary '\0','A1',52,1),(4592,_binary '\0','A2',52,1),(4593,_binary '\0','A3',52,1),(4594,_binary '\0','A4',52,1),(4595,_binary '\0','A5',52,1),(4596,_binary '\0','A6',52,1),(4597,_binary '\0','A7',52,1),(4598,_binary '\0','A8',52,1),(4599,_binary '\0','A9',52,1),(4600,_binary '\0','A10',52,1),(4601,_binary '\0','A11',52,1),(4602,_binary '\0','A12',52,1),(4603,_binary '\0','A13',52,1),(4604,_binary '\0','A14',52,1),(4605,_binary '\0','A15',52,1),(4606,_binary '\0','A16',52,1),(4607,_binary '\0','A17',52,1),(4608,_binary '\0','A18',52,1),(4609,_binary '\0','A19',52,1),(4610,_binary '\0','A20',52,1),(4611,_binary '\0','A21',52,1),(4612,_binary '\0','A22',52,1),(4613,_binary '\0','A23',52,1),(4614,_binary '\0','A24',52,1),(4615,_binary '\0','A25',52,1),(4616,_binary '\0','A26',52,1),(4617,_binary '\0','A27',52,1),(4618,_binary '\0','A28',52,1),(4619,_binary '\0','A29',52,1),(4620,_binary '\0','A30',52,1),(4621,_binary '\0','B1',52,2),(4622,_binary '\0','B2',52,2),(4623,_binary '\0','B3',52,2),(4624,_binary '\0','B4',52,2),(4625,_binary '\0','B5',52,2),(4626,_binary '\0','B6',52,2),(4627,_binary '\0','B7',52,2),(4628,_binary '\0','B8',52,2),(4629,_binary '\0','B9',52,2),(4630,_binary '\0','B10',52,2),(4631,_binary '\0','B11',52,2),(4632,_binary '\0','B12',52,2),(4633,_binary '\0','B13',52,2),(4634,_binary '\0','B14',52,2),(4635,_binary '\0','B15',52,2),(4636,_binary '\0','B16',52,2),(4637,_binary '\0','B17',52,2),(4638,_binary '\0','B18',52,2),(4639,_binary '\0','B19',52,2),(4640,_binary '\0','B20',52,2),(4641,_binary '\0','B21',52,2),(4642,_binary '\0','B22',52,2),(4643,_binary '\0','B23',52,2),(4644,_binary '\0','B24',52,2),(4645,_binary '\0','B25',52,2),(4646,_binary '\0','B26',52,2),(4647,_binary '\0','B27',52,2),(4648,_binary '\0','B28',52,2),(4649,_binary '\0','B29',52,2),(4650,_binary '\0','B30',52,2),(4651,_binary '\0','C1',52,3),(4652,_binary '\0','C2',52,3),(4653,_binary '\0','C3',52,3),(4654,_binary '\0','C4',52,3),(4655,_binary '\0','C5',52,3),(4656,_binary '\0','C6',52,3),(4657,_binary '\0','C7',52,3),(4658,_binary '\0','C8',52,3),(4659,_binary '\0','C9',52,3),(4660,_binary '\0','C10',52,3),(4661,_binary '\0','C11',52,3),(4662,_binary '\0','C12',52,3),(4663,_binary '\0','C13',52,3),(4664,_binary '\0','C14',52,3),(4665,_binary '\0','C15',52,3),(4666,_binary '\0','C16',52,3),(4667,_binary '\0','C17',52,3),(4668,_binary '\0','C18',52,3),(4669,_binary '\0','C19',52,3),(4670,_binary '\0','C20',52,3),(4671,_binary '\0','C21',52,3),(4672,_binary '\0','C22',52,3),(4673,_binary '\0','C23',52,3),(4674,_binary '\0','C24',52,3),(4675,_binary '\0','C25',52,3),(4676,_binary '\0','C26',52,3),(4677,_binary '\0','C27',52,3),(4678,_binary '\0','C28',52,3),(4679,_binary '\0','C29',52,3),(4680,_binary '\0','C30',52,3),(4681,_binary '\0','A1',53,1),(4682,_binary '\0','A2',53,1),(4683,_binary '\0','A3',53,1),(4684,_binary '\0','A4',53,1),(4685,_binary '\0','A5',53,1),(4686,_binary '\0','A6',53,1),(4687,_binary '\0','A7',53,1),(4688,_binary '\0','A8',53,1),(4689,_binary '\0','A9',53,1),(4690,_binary '\0','A10',53,1),(4691,_binary '\0','A11',53,1),(4692,_binary '\0','A12',53,1),(4693,_binary '\0','A13',53,1),(4694,_binary '\0','A14',53,1),(4695,_binary '\0','A15',53,1),(4696,_binary '\0','A16',53,1),(4697,_binary '\0','A17',53,1),(4698,_binary '\0','A18',53,1),(4699,_binary '\0','A19',53,1),(4700,_binary '\0','A20',53,1),(4701,_binary '\0','A21',53,1),(4702,_binary '\0','A22',53,1),(4703,_binary '\0','A23',53,1),(4704,_binary '\0','A24',53,1),(4705,_binary '\0','A25',53,1),(4706,_binary '\0','A26',53,1),(4707,_binary '\0','A27',53,1),(4708,_binary '\0','A28',53,1),(4709,_binary '\0','A29',53,1),(4710,_binary '\0','A30',53,1),(4711,_binary '\0','B1',53,2),(4712,_binary '\0','B2',53,2),(4713,_binary '\0','B3',53,2),(4714,_binary '\0','B4',53,2),(4715,_binary '\0','B5',53,2),(4716,_binary '\0','B6',53,2),(4717,_binary '\0','B7',53,2),(4718,_binary '\0','B8',53,2),(4719,_binary '\0','B9',53,2),(4720,_binary '\0','B10',53,2),(4721,_binary '\0','B11',53,2),(4722,_binary '\0','B12',53,2),(4723,_binary '\0','B13',53,2),(4724,_binary '\0','B14',53,2),(4725,_binary '\0','B15',53,2),(4726,_binary '\0','B16',53,2),(4727,_binary '\0','B17',53,2),(4728,_binary '\0','B18',53,2),(4729,_binary '\0','B19',53,2),(4730,_binary '\0','B20',53,2),(4731,_binary '\0','B21',53,2),(4732,_binary '\0','B22',53,2),(4733,_binary '\0','B23',53,2),(4734,_binary '\0','B24',53,2),(4735,_binary '\0','B25',53,2),(4736,_binary '\0','B26',53,2),(4737,_binary '\0','B27',53,2),(4738,_binary '\0','B28',53,2),(4739,_binary '\0','B29',53,2),(4740,_binary '\0','B30',53,2),(4741,_binary '\0','C1',53,3),(4742,_binary '\0','C2',53,3),(4743,_binary '\0','C3',53,3),(4744,_binary '\0','C4',53,3),(4745,_binary '\0','C5',53,3),(4746,_binary '\0','C6',53,3),(4747,_binary '\0','C7',53,3),(4748,_binary '\0','C8',53,3),(4749,_binary '\0','C9',53,3),(4750,_binary '\0','C10',53,3),(4751,_binary '\0','C11',53,3),(4752,_binary '\0','C12',53,3),(4753,_binary '\0','C13',53,3),(4754,_binary '\0','C14',53,3),(4755,_binary '\0','C15',53,3),(4756,_binary '\0','C16',53,3),(4757,_binary '\0','C17',53,3),(4758,_binary '\0','C18',53,3),(4759,_binary '\0','C19',53,3),(4760,_binary '\0','C20',53,3),(4761,_binary '\0','C21',53,3),(4762,_binary '\0','C22',53,3),(4763,_binary '\0','C23',53,3),(4764,_binary '\0','C24',53,3),(4765,_binary '\0','C25',53,3),(4766,_binary '\0','C26',53,3),(4767,_binary '\0','C27',53,3),(4768,_binary '\0','C28',53,3),(4769,_binary '\0','C29',53,3),(4770,_binary '\0','C30',53,3),(4771,_binary '\0','A1',54,1),(4772,_binary '\0','A2',54,1),(4773,_binary '\0','A3',54,1),(4774,_binary '\0','A4',54,1),(4775,_binary '\0','A5',54,1),(4776,_binary '\0','A6',54,1),(4777,_binary '\0','A7',54,1),(4778,_binary '\0','A8',54,1),(4779,_binary '\0','A9',54,1),(4780,_binary '\0','A10',54,1),(4781,_binary '\0','A11',54,1),(4782,_binary '\0','A12',54,1),(4783,_binary '\0','A13',54,1),(4784,_binary '\0','A14',54,1),(4785,_binary '\0','A15',54,1),(4786,_binary '\0','A16',54,1),(4787,_binary '\0','A17',54,1),(4788,_binary '\0','A18',54,1),(4789,_binary '\0','A19',54,1),(4790,_binary '\0','A20',54,1),(4791,_binary '\0','A21',54,1),(4792,_binary '\0','A22',54,1),(4793,_binary '\0','A23',54,1),(4794,_binary '\0','A24',54,1),(4795,_binary '\0','A25',54,1),(4796,_binary '\0','A26',54,1),(4797,_binary '\0','A27',54,1),(4798,_binary '\0','A28',54,1),(4799,_binary '\0','A29',54,1),(4800,_binary '\0','A30',54,1),(4801,_binary '\0','B1',54,2),(4802,_binary '\0','B2',54,2),(4803,_binary '\0','B3',54,2),(4804,_binary '\0','B4',54,2),(4805,_binary '\0','B5',54,2),(4806,_binary '\0','B6',54,2),(4807,_binary '\0','B7',54,2),(4808,_binary '\0','B8',54,2),(4809,_binary '\0','B9',54,2),(4810,_binary '\0','B10',54,2),(4811,_binary '\0','B11',54,2),(4812,_binary '\0','B12',54,2),(4813,_binary '\0','B13',54,2),(4814,_binary '\0','B14',54,2),(4815,_binary '\0','B15',54,2),(4816,_binary '\0','B16',54,2),(4817,_binary '\0','B17',54,2),(4818,_binary '\0','B18',54,2),(4819,_binary '\0','B19',54,2),(4820,_binary '\0','B20',54,2),(4821,_binary '\0','B21',54,2),(4822,_binary '\0','B22',54,2),(4823,_binary '\0','B23',54,2),(4824,_binary '\0','B24',54,2),(4825,_binary '\0','B25',54,2),(4826,_binary '\0','B26',54,2),(4827,_binary '\0','B27',54,2),(4828,_binary '\0','B28',54,2),(4829,_binary '\0','B29',54,2),(4830,_binary '\0','B30',54,2),(4831,_binary '\0','C1',54,3),(4832,_binary '\0','C2',54,3),(4833,_binary '\0','C3',54,3),(4834,_binary '\0','C4',54,3),(4835,_binary '\0','C5',54,3),(4836,_binary '\0','C6',54,3),(4837,_binary '\0','C7',54,3),(4838,_binary '\0','C8',54,3),(4839,_binary '\0','C9',54,3),(4840,_binary '\0','C10',54,3),(4841,_binary '\0','C11',54,3),(4842,_binary '\0','C12',54,3),(4843,_binary '\0','C13',54,3),(4844,_binary '\0','C14',54,3),(4845,_binary '\0','C15',54,3),(4846,_binary '\0','C16',54,3),(4847,_binary '\0','C17',54,3),(4848,_binary '\0','C18',54,3),(4849,_binary '\0','C19',54,3),(4850,_binary '\0','C20',54,3),(4851,_binary '\0','C21',54,3),(4852,_binary '\0','C22',54,3),(4853,_binary '\0','C23',54,3),(4854,_binary '\0','C24',54,3),(4855,_binary '\0','C25',54,3),(4856,_binary '\0','C26',54,3),(4857,_binary '\0','C27',54,3),(4858,_binary '\0','C28',54,3),(4859,_binary '\0','C29',54,3),(4860,_binary '\0','C30',54,3),(4861,_binary '\0','A1',55,1),(4862,_binary '\0','A2',55,1),(4863,_binary '\0','A3',55,1),(4864,_binary '\0','A4',55,1),(4865,_binary '\0','A5',55,1),(4866,_binary '\0','A6',55,1),(4867,_binary '\0','A7',55,1),(4868,_binary '\0','A8',55,1),(4869,_binary '\0','A9',55,1),(4870,_binary '\0','A10',55,1),(4871,_binary '\0','A11',55,1),(4872,_binary '\0','A12',55,1),(4873,_binary '\0','A13',55,1),(4874,_binary '\0','A14',55,1),(4875,_binary '\0','A15',55,1),(4876,_binary '\0','A16',55,1),(4877,_binary '\0','A17',55,1),(4878,_binary '\0','A18',55,1),(4879,_binary '\0','A19',55,1),(4880,_binary '\0','A20',55,1),(4881,_binary '\0','A21',55,1),(4882,_binary '\0','A22',55,1),(4883,_binary '\0','A23',55,1),(4884,_binary '\0','A24',55,1),(4885,_binary '\0','A25',55,1),(4886,_binary '\0','A26',55,1),(4887,_binary '\0','A27',55,1),(4888,_binary '\0','A28',55,1),(4889,_binary '\0','A29',55,1),(4890,_binary '\0','A30',55,1),(4891,_binary '\0','B1',55,2),(4892,_binary '\0','B2',55,2),(4893,_binary '\0','B3',55,2),(4894,_binary '\0','B4',55,2),(4895,_binary '\0','B5',55,2),(4896,_binary '\0','B6',55,2),(4897,_binary '\0','B7',55,2),(4898,_binary '\0','B8',55,2),(4899,_binary '\0','B9',55,2),(4900,_binary '\0','B10',55,2),(4901,_binary '\0','B11',55,2),(4902,_binary '\0','B12',55,2),(4903,_binary '\0','B13',55,2),(4904,_binary '\0','B14',55,2),(4905,_binary '\0','B15',55,2),(4906,_binary '\0','B16',55,2),(4907,_binary '\0','B17',55,2),(4908,_binary '\0','B18',55,2),(4909,_binary '\0','B19',55,2),(4910,_binary '\0','B20',55,2),(4911,_binary '\0','B21',55,2),(4912,_binary '\0','B22',55,2),(4913,_binary '\0','B23',55,2),(4914,_binary '\0','B24',55,2),(4915,_binary '\0','B25',55,2),(4916,_binary '\0','B26',55,2),(4917,_binary '\0','B27',55,2),(4918,_binary '\0','B28',55,2),(4919,_binary '\0','B29',55,2),(4920,_binary '\0','B30',55,2),(4921,_binary '\0','C1',55,3),(4922,_binary '\0','C2',55,3),(4923,_binary '\0','C3',55,3),(4924,_binary '\0','C4',55,3),(4925,_binary '\0','C5',55,3),(4926,_binary '\0','C6',55,3),(4927,_binary '\0','C7',55,3),(4928,_binary '\0','C8',55,3),(4929,_binary '\0','C9',55,3),(4930,_binary '\0','C10',55,3),(4931,_binary '\0','C11',55,3),(4932,_binary '\0','C12',55,3),(4933,_binary '\0','C13',55,3),(4934,_binary '\0','C14',55,3),(4935,_binary '\0','C15',55,3),(4936,_binary '\0','C16',55,3),(4937,_binary '\0','C17',55,3),(4938,_binary '\0','C18',55,3),(4939,_binary '\0','C19',55,3),(4940,_binary '\0','C20',55,3),(4941,_binary '\0','C21',55,3),(4942,_binary '\0','C22',55,3),(4943,_binary '\0','C23',55,3),(4944,_binary '\0','C24',55,3),(4945,_binary '\0','C25',55,3),(4946,_binary '\0','C26',55,3),(4947,_binary '\0','C27',55,3),(4948,_binary '\0','C28',55,3),(4949,_binary '\0','C29',55,3),(4950,_binary '\0','C30',55,3);
/*!40000 ALTER TABLE `seat` ENABLE KEYS */;
UNLOCK TABLES;

--
-- Table structure for table `ship`
--

DROP TABLE IF EXISTS `ship`;
/*!40101 SET @saved_cs_client     = @@character_set_client */;
/*!50503 SET character_set_client = utf8mb4 */;
CREATE TABLE `ship` (
  `id_ship` int NOT NULL AUTO_INCREMENT,
  `name_ship` varchar(255) DEFAULT NULL,
  PRIMARY KEY (`id_ship`)
) ENGINE=MyISAM AUTO_INCREMENT=2 DEFAULT CHARSET=utf8mb4 COLLATE=utf8mb4_0900_ai_ci;
/*!40101 SET character_set_client = @saved_cs_client */;

--
-- Dumping data for table `ship`
--

LOCK TABLES `ship` WRITE;
/*!40000 ALTER TABLE `ship` DISABLE KEYS */;
INSERT INTO `ship` VALUES (1,'HLE-Yatch');
/*!40000 ALTER TABLE `ship` ENABLE KEYS */;
UNLOCK TABLES;

--
-- Table structure for table `ticket`
--

DROP TABLE IF EXISTS `ticket`;
/*!40101 SET @saved_cs_client     = @@character_set_client */;
/*!50503 SET character_set_client = utf8mb4 */;
CREATE TABLE `ticket` (
  `id_ticket` int NOT NULL AUTO_INCREMENT,
  `date_booking` varchar(255) DEFAULT NULL,
  `flag_cancel` bit(1) NOT NULL,
  `id_customer` int DEFAULT NULL,
  `id_seat` int DEFAULT NULL,
  `code_ticket` varchar(255) DEFAULT NULL,
  PRIMARY KEY (`id_ticket`),
  KEY `FK996h4t6iax2acas3vh1ysox3m` (`id_customer`),
  KEY `FK6acg2rnspg9ha5yv8j89j83od` (`id_seat`)
) ENGINE=MyISAM AUTO_INCREMENT=107 DEFAULT CHARSET=utf8mb4 COLLATE=utf8mb4_0900_ai_ci;
/*!40101 SET character_set_client = @saved_cs_client */;

--
-- Dumping data for table `ticket`
--

LOCK TABLES `ticket` WRITE;
/*!40000 ALTER TABLE `ticket` DISABLE KEYS */;
INSERT INTO `ticket` VALUES (1,'2023-09-11',_binary '',2,12,NULL),(2,'2023-09-11',_binary '',2,13,NULL),(3,'2023-09-11',_binary '\0',2,11,NULL),(4,'2023-09-11',_binary '\0',2,14,NULL),(5,'2023-09-11',_binary '\0',2,15,NULL),(6,'2023-09-12',_binary '\0',2,498,NULL),(7,'2023-09-12',_binary '\0',2,497,NULL),(8,'2023-09-12',_binary '\0',2,496,NULL),(9,'2023-09-12',_binary '\0',2,465,NULL),(10,'2023-09-12',_binary '\0',2,463,NULL),(11,'2023-09-12',_binary '\0',2,464,NULL),(12,'2023-09-12',_binary '\0',2,493,NULL),(13,'2023-09-12',_binary '\0',2,492,NULL),(14,'2023-09-12',_binary '\0',2,491,NULL),(15,'2023-09-13',_binary '\0',2,44,NULL),(16,'2023-09-13',_binary '\0',2,41,NULL),(17,'2023-09-13',_binary '\0',2,42,NULL),(18,'2023-09-13',_binary '\0',2,58,NULL),(19,'2023-09-13',_binary '\0',2,57,NULL),(20,'2023-09-13',_binary '\0',2,56,NULL),(21,'2023-09-13',_binary '\0',2,48,NULL),(22,'2023-09-13',_binary '\0',2,47,NULL),(23,'2023-09-13',_binary '\0',2,46,NULL),(24,'2023-09-14',_binary '',2,133,'713571'),(25,'2023-09-14',_binary '\0',2,132,'970530'),(26,'2023-09-14',_binary '\0',2,131,'44871'),(27,'2023-09-15',_binary '',2,33,'254415'),(28,'2023-09-15',_binary '\0',2,32,'971102'),(29,'2023-09-15',_binary '\0',2,31,'375580'),(30,'2023-09-15',_binary '\0',2,137,'516544'),(31,'2023-09-15',_binary '\0',2,136,'67917'),(32,'2023-09-15',_binary '\0',2,148,'254253'),(33,'2023-09-15',_binary '',2,149,'865698'),(34,'2023-09-15',_binary '',3,52,'744600'),(35,'2023-09-15',_binary '',3,51,'460801'),(36,'2023-09-15',_binary '\0',3,142,'697668'),(37,'2023-09-15',_binary '\0',3,141,'913261'),(38,'2023-09-15',_binary '',3,223,'759891'),(39,'2023-09-15',_binary '',3,221,'839146'),(40,'2023-09-15',_binary '',3,222,'650538'),(41,'2023-09-17',_binary '',2,503,'851396'),(42,'2023-09-17',_binary '\0',2,502,'631702'),(43,'2023-09-17',_binary '\0',2,501,'556418'),(44,'2023-09-17',_binary '\0',2,506,'656228'),(45,'2023-09-17',_binary '\0',2,507,'148762'),(46,'2023-09-17',_binary '\0',2,508,'178262'),(47,'2023-09-18',_binary '\0',2,585,'754408'),(48,'2023-09-18',_binary '\0',2,584,'404582'),(49,'2023-09-18',_binary '\0',2,583,'554693'),(50,'2023-09-18',_binary '\0',2,587,'507447'),(51,'2023-09-18',_binary '\0',2,586,'546251'),(52,'2023-09-18',_binary '\0',2,591,'343044'),(53,'2023-09-18',_binary '\0',2,590,'398343'),(54,'2023-09-18',_binary '\0',2,595,'418681'),(55,'2023-09-18',_binary '\0',2,594,'868560'),(56,'2023-09-18',_binary '\0',2,598,'265966'),(57,'2023-09-18',_binary '\0',2,599,'647774'),(58,'2023-09-18',_binary '\0',2,597,'406281'),(59,'2023-09-18',_binary '\0',2,596,'637863'),(60,'2023-09-18',_binary '\0',2,589,'284060'),(61,'2023-09-18',_binary '\0',2,588,'792053'),(62,'2023-09-18',_binary '\0',2,629,'663888'),(63,'2023-09-18',_binary '\0',2,628,'869454'),(64,'2023-09-18',_binary '\0',2,593,'936611'),(65,'2023-09-18',_binary '\0',2,592,'52162'),(66,'2023-09-19',_binary '\0',2,677,'807822'),(67,'2023-09-19',_binary '\0',2,678,'237513'),(68,'2023-09-19',_binary '\0',2,708,'249817'),(69,'2023-09-19',_binary '\0',2,707,'580809'),(70,'2023-09-19',_binary '\0',2,706,'532511'),(71,'2023-09-20',_binary '\0',2,796,'160477'),(72,'2023-09-20',_binary '\0',2,740,'476782'),(73,'2023-09-20',_binary '\0',2,797,'410465'),(74,'2023-09-20',_binary '\0',2,739,'660637'),(75,'2023-09-20',_binary '\0',2,799,'461642'),(76,'2023-09-20',_binary '\0',2,798,'614536'),(77,'2023-09-20',_binary '\0',2,766,'943239'),(78,'2023-09-20',_binary '\0',2,770,'277851'),(79,'2023-09-20',_binary '\0',2,800,'151526'),(80,'2023-09-20',_binary '\0',2,767,'541965'),(81,'2023-09-20',_binary '\0',2,738,'829322'),(82,'2023-09-20',_binary '\0',2,791,'857050'),(83,'2023-09-20',_binary '\0',2,763,'560871'),(84,'2023-09-20T10:33:22.661',_binary '\0',2,792,'927135'),(85,'2023-09-20T10:33:22.661',_binary '\0',2,764,'124500'),(86,'2023-09-20T11:06:02.493',_binary '\0',2,768,'732764'),(87,'2023-09-20T11:06:02.493',_binary '',2,769,'874072'),(88,'2023-09-20T11:45:49.546',_binary '',2,771,'653357'),(89,'2023-09-20T11:45:49.546',_binary '',2,772,'992107'),(90,'2023-09-20T15:15:46.905',_binary '',2,774,'925853'),(91,'2023-09-20T15:15:46.905',_binary '',2,773,'297845'),(92,'2023-09-21T00:39:47.338',_binary '',2,860,'615662'),(93,'2023-09-21T08:41:35.009',_binary '',2,852,'682351'),(94,'2023-09-21T08:41:35.009',_binary '',2,851,'718768'),(95,'2023-09-21T08:50:25.040',_binary '',2,852,'229927'),(96,'2023-09-21T08:50:25.040',_binary '',2,851,'708716'),(97,'2023-09-21T08:53:08.824',_binary '\0',2,887,'836560'),(98,'2023-09-21T08:53:08.824',_binary '\0',2,886,'418423'),(99,'2023-09-22T09:48:07.774',_binary '\0',2,4453,'417102'),(100,'2023-09-22T09:48:07.774',_binary '\0',2,4452,'858556'),(101,'2023-09-22T09:51:14.873',_binary '\0',2,4364,'6503'),(102,'2023-09-22T09:51:14.873',_binary '\0',2,4363,'766273'),(103,'2023-09-22T09:53:46.578',_binary '\0',2,3857,'932174'),(104,'2023-09-22T11:38:46.583',_binary '\0',2,3856,'522128'),(105,'2023-09-22T13:59:11.758',_binary '',2,3800,'410239'),(106,'2023-09-22T13:59:11.774',_binary '',2,3827,'995254');
/*!40000 ALTER TABLE `ticket` ENABLE KEYS */;
UNLOCK TABLES;

--
-- Table structure for table `type_seat`
--

DROP TABLE IF EXISTS `type_seat`;
/*!40101 SET @saved_cs_client     = @@character_set_client */;
/*!50503 SET character_set_client = utf8mb4 */;
CREATE TABLE `type_seat` (
  `id_type_seat` int NOT NULL AUTO_INCREMENT,
  `name_type_seat` varchar(255) DEFAULT NULL,
  `price_seat` double NOT NULL,
  PRIMARY KEY (`id_type_seat`)
) ENGINE=MyISAM AUTO_INCREMENT=4 DEFAULT CHARSET=utf8mb4 COLLATE=utf8mb4_0900_ai_ci;
/*!40101 SET character_set_client = @saved_cs_client */;

--
-- Dumping data for table `type_seat`
--

LOCK TABLES `type_seat` WRITE;
/*!40000 ALTER TABLE `type_seat` DISABLE KEYS */;
INSERT INTO `type_seat` VALUES (1,'SPECIAL',1000000),(2,'PREMIUM',500000),(3,'ECONOMY',200000);
/*!40000 ALTER TABLE `type_seat` ENABLE KEYS */;
UNLOCK TABLES;
/*!40103 SET TIME_ZONE=@OLD_TIME_ZONE */;

/*!40101 SET SQL_MODE=@OLD_SQL_MODE */;
/*!40014 SET FOREIGN_KEY_CHECKS=@OLD_FOREIGN_KEY_CHECKS */;
/*!40014 SET UNIQUE_CHECKS=@OLD_UNIQUE_CHECKS */;
/*!40101 SET CHARACTER_SET_CLIENT=@OLD_CHARACTER_SET_CLIENT */;
/*!40101 SET CHARACTER_SET_RESULTS=@OLD_CHARACTER_SET_RESULTS */;
/*!40101 SET COLLATION_CONNECTION=@OLD_COLLATION_CONNECTION */;
/*!40111 SET SQL_NOTES=@OLD_SQL_NOTES */;

-- Dump completed on 2023-10-06 13:29:14
